ASV,sample,count,domain,phylum,class,order,family,genus,species,LCA,Species_In_LCA,Sources,X.ID,Gene,Genus.prediction,Genus.score,Species.prediction,Species.score,ASV_sequence,samp_category,neg_cont_type,pos_cont_type,materialSampleID,sample_derived_from,sample_composed_of,rel_cont_id,biological_rep_relation,decimalLongitude,decimalLatitude,verbatimLongitude,verbatimLatitude,verbatimCoordinateSystem,verbatimSRS,geo_loc_name,eventDate,eventDurationValue,verbatimEventDate,verbatimEventTime,env_broad_scale,env_local_scale,env_medium,habitat_natural_artificial_0_1,samp_collect_method,samp_collect_device,samp_size,samp_size_unit,samp_store_temp,samp_store_sol,samp_store_dur,samp_store_loc,dna_store_loc,samp_store_method_additional,samp_mat_process,filter_passive_active_0_1,stationed_sample_dur,pump_flow_rate,pump_flow_rate_unit,prefilter_material,size_frac_low,size_frac,filter_diameter,filter_material,filter_name,precip_chem_prep,precip_force_prep,precip_time_prep,precip_temp_prep,prepped_samp_store_temp,prepped_samp_store_sol,prepped_samp_store_dur,prep_method_additional,date_ext,samp_vol_we_dna_ext,samp_vol_we_dna_ext_unit,nucl_acid_ext_lysis,nucl_acid_ext_sep,nucl_acid_ext,nucl_acid_ext_kit,nucl_acid_ext_modify,dna_cleanup_0_1,dna_cleanup_method,concentration,concentration_unit,concentration_method,ratioOfAbsorbance260_280,pool_dna_num,nucl_acid_ext_method_additional,assay_name,samp_weather,minimumDepthInMeters,maximumDepthInMeters,tot_depth_water_col,elev,temp,chlorophyll,light_intensity,ph,ph_meth,salinity,suspend_part_matter,tidal_stage,turbidity,water_current,solar_irradiance,wind_direction,wind_speed,diss_inorg_carb,diss_inorg_carb_unit,diss_inorg_nitro,diss_inorg_nitro_unit,diss_org_carb,diss_org_carb_unit,diss_org_nitro,diss_org_nitro_unit,diss_oxygen,diss_oxygen_unit,tot_diss_nitro,tot_diss_nitro_unit,tot_inorg_nitro,tot_inorg_nitro_unit,tot_nitro,tot_nitro_unit,tot_part_carb,tot_part_carb_unit,tot_org_carb,tot_org_carb_unit,tot_org_c_meth,tot_nitro_content,tot_nitro_content_unit,tot_nitro_cont_meth,tot_carb,tot_carb_unit,part_org_carb,part_org_carb_unit,part_org_nitro,part_org_nitro_unit,nitrate,nitrate_unit,nitrite,nitrite_unit,nitro,nitro_unit,org_carb,org_carb_unit,org_matter,org_matter_unit,org_nitro,org_nitro_unit,site_id,tube_id,biological_rep,swell_m,filter_device,digestion_personnel,digestion_date,extraction_personnel,extraction_method,sampling_comments,digestion_comments,extraction_comments,use_for_filter,Voyage,Assay,Year,Location,deeporcore,Location_Year,site_comments
ASV_1,CI_1000_A_1,33519,Eukarya,Chordata,Actinopterygii,Scombriformes,Scombridae,Auxis,dropped,Auxis,"Auxis rochei, Auxis thazard",fishbase,99.91,,,,,,CGGTCCGTTGATCGGCATTGCCGGATCTTATTGGTCAGAAATTCTGTTCATTAGAGCTGCAGCTCTTGGTTGTAGGAGGTAGTACTCCCATTCCACGTGGGGGTTTTTTATTTCCCCGCGGTCGCCCCAACCAAAGACATGGGGGCATGATTCATTTGGTTTAGCCCTTTGTTTAGGGGTGTTTAACATGATATGCCTTGGT,sample,"",,,,,,,105.718,-10.434,105.718,-10.434,,,Indian Ocean: Near CI,2023-11-15T16:00:00,,,,,,,,,,,,,,,,,,,,,,,,,,,,,,,,,,,,,2023-11-23T00:00:00,,,,,,,,,,,,,,,,,,706,706,,,,,,,,,,,,,,,,,,,,,,,,,,,,,,,,,,,,,,,,,,,,,,,,,,,,,,,,,,1000,,,,,,,Matt H,DNEasy Blood & Tissue- by hand,Lander active,,3 extract tubes,FALSE,DMCI,16SFish,2023,DSC Landers,Deep-sea,DSC Landers_2023,CI_1000_A
ASV_1,CI_1000_A_2,24046,Eukarya,Chordata,Actinopterygii,Scombriformes,Scombridae,Auxis,dropped,Auxis,"Auxis rochei, Auxis thazard",fishbase,99.91,,,,,,CGGTCCGTTGATCGGCATTGCCGGATCTTATTGGTCAGAAATTCTGTTCATTAGAGCTGCAGCTCTTGGTTGTAGGAGGTAGTACTCCCATTCCACGTGGGGGTTTTTTATTTCCCCGCGGTCGCCCCAACCAAAGACATGGGGGCATGATTCATTTGGTTTAGCCCTTTGTTTAGGGGTGTTTAACATGATATGCCTTGGT,sample,"",,,,,,,105.718,-10.434,105.718,-10.434,,,Indian Ocean: Near CI,2023-11-15T16:00:00,,,,,,,,,,,,,,,,,,,,,,,,,,,,,,,,,,,,,2023-11-23T00:00:00,,,,,,,,,,,,,,,,,,706,706,,,,,,,,,,,,,,,,,,,,,,,,,,,,,,,,,,,,,,,,,,,,,,,,,,,,,,,,,,1000,,,,,,,Matt H,DNEasy Blood & Tissue- by hand,Lander active,,3 extract tubes,FALSE,DMCI,16SFish,2023,DSC Landers,Deep-sea,DSC Landers_2023,CI_1000_A
ASV_1,CI_1000_B_1,21934,Eukarya,Chordata,Actinopterygii,Scombriformes,Scombridae,Auxis,dropped,Auxis,"Auxis rochei, Auxis thazard",fishbase,99.91,,,,,,CGGTCCGTTGATCGGCATTGCCGGATCTTATTGGTCAGAAATTCTGTTCATTAGAGCTGCAGCTCTTGGTTGTAGGAGGTAGTACTCCCATTCCACGTGGGGGTTTTTTATTTCCCCGCGGTCGCCCCAACCAAAGACATGGGGGCATGATTCATTTGGTTTAGCCCTTTGTTTAGGGGTGTTTAACATGATATGCCTTGGT,sample,"",,,,,,,105.72,-10.379,105.72,-10.379,,,Indian Ocean: Near CI,2023-11-15T16:30:00,,,,,,,,,,,,,,,,,,,,,,,,,,,,,,,,,,,,,2023-11-23T00:00:00,,,,,,,,,,,,,,,,,,1108,1108,,,,,,,,,,,,,,,,,,,,,,,,,,,,,,,,,,,,,,,,,,,,,,,,,,,,,,,,,,1000,,,,,,,Matt H,DNEasy Blood & Tissue- by hand,Lander active,,3 extract tubes,FALSE,DMCI,16SFish,2023,DSC Landers,Deep-sea,DSC Landers_2023,CI_1000_B
ASV_1,CI_1000_B_2,24328,Eukarya,Chordata,Actinopterygii,Scombriformes,Scombridae,Auxis,dropped,Auxis,"Auxis rochei, Auxis thazard",fishbase,99.91,,,,,,CGGTCCGTTGATCGGCATTGCCGGATCTTATTGGTCAGAAATTCTGTTCATTAGAGCTGCAGCTCTTGGTTGTAGGAGGTAGTACTCCCATTCCACGTGGGGGTTTTTTATTTCCCCGCGGTCGCCCCAACCAAAGACATGGGGGCATGATTCATTTGGTTTAGCCCTTTGTTTAGGGGTGTTTAACATGATATGCCTTGGT,sample,"",,,,,,,105.72,-10.379,105.72,-10.379,,,Indian Ocean: Near CI,2023-11-15T16:30:00,,,,,,,,,,,,,,,,,,,,,,,,,,,,,,,,,,,,,2023-11-23T00:00:00,,,,,,,,,,,,,,,,,,1108,1108,,,,,,,,,,,,,,,,,,,,,,,,,,,,,,,,,,,,,,,,,,,,,,,,,,,,,,,,,,1000,,,,,,,Matt H,DNEasy Blood & Tissue- by hand,Lander active,,3 extract tubes,FALSE,DMCI,16SFish,2023,DSC Landers,Deep-sea,DSC Landers_2023,CI_1000_B
ASV_1,CI_1000_C_1,14089,Eukarya,Chordata,Actinopterygii,Scombriformes,Scombridae,Auxis,dropped,Auxis,"Auxis rochei, Auxis thazard",fishbase,99.91,,,,,,CGGTCCGTTGATCGGCATTGCCGGATCTTATTGGTCAGAAATTCTGTTCATTAGAGCTGCAGCTCTTGGTTGTAGGAGGTAGTACTCCCATTCCACGTGGGGGTTTTTTATTTCCCCGCGGTCGCCCCAACCAAAGACATGGGGGCATGATTCATTTGGTTTAGCCCTTTGTTTAGGGGTGTTTAACATGATATGCCTTGGT,sample,"",,,,,,,105.687,-10.381,105.687,-10.381,,,Indian Ocean: Near CI,2023-11-15T16:50:00,,,,,,,,,,,,,,,,,,,,,,,,,,,,,,,,,,,,,2023-11-23T00:00:00,,,,,,,,,,,,,,,,,,1292,1292,,,,,,,,,,,,,,,,,,,,,,,,,,,,,,,,,,,,,,,,,,,,,,,,,,,,,,,,,,1000,,,,,,,Matt H,DNEasy Blood & Tissue- by hand,Lander active,,3 extract tubes,FALSE,DMCI,16SFish,2023,DSC Landers,Deep-sea,DSC Landers_2023,CI_1000_C
ASV_1,CI_1000_C_2,6448,Eukarya,Chordata,Actinopterygii,Scombriformes,Scombridae,Auxis,dropped,Auxis,"Auxis rochei, Auxis thazard",fishbase,99.91,,,,,,CGGTCCGTTGATCGGCATTGCCGGATCTTATTGGTCAGAAATTCTGTTCATTAGAGCTGCAGCTCTTGGTTGTAGGAGGTAGTACTCCCATTCCACGTGGGGGTTTTTTATTTCCCCGCGGTCGCCCCAACCAAAGACATGGGGGCATGATTCATTTGGTTTAGCCCTTTGTTTAGGGGTGTTTAACATGATATGCCTTGGT,sample,"",,,,,,,105.687,-10.381,105.687,-10.381,,,Indian Ocean: Near CI,2023-11-15T16:50:00,,,,,,,,,,,,,,,,,,,,,,,,,,,,,,,,,,,,,2023-11-23T00:00:00,,,,,,,,,,,,,,,,,,1292,1292,,,,,,,,,,,,,,,,,,,,,,,,,,,,,,,,,,,,,,,,,,,,,,,,,,,,,,,,,,1000,,,,,,,Matt H,DNEasy Blood & Tissue- by hand,Lander active,,3 extract tubes,FALSE,DMCI,16SFish,2023,DSC Landers,Deep-sea,DSC Landers_2023,CI_1000_C
ASV_1,CI_2000_A_1,24767,Eukarya,Chordata,Actinopterygii,Scombriformes,Scombridae,Auxis,dropped,Auxis,"Auxis rochei, Auxis thazard",fishbase,99.91,,,,,,CGGTCCGTTGATCGGCATTGCCGGATCTTATTGGTCAGAAATTCTGTTCATTAGAGCTGCAGCTCTTGGTTGTAGGAGGTAGTACTCCCATTCCACGTGGGGGTTTTTTATTTCCCCGCGGTCGCCCCAACCAAAGACATGGGGGCATGATTCATTTGGTTTAGCCCTTTGTTTAGGGGTGTTTAACATGATATGCCTTGGT,sample,"",,,,,,,105.773,-10.417,105.773,-10.417,,,Indian Ocean: Near CI,2023-12-11T17:07:00,,,,,,,,,,,,,,,,,,,,,,,,,,,,,,,,,,,,,2023-11-17T00:00:00,,,,,,,,,,,,,,,,,,2293,2293,,,,,,,,,,,,,,,,,,,,,,,,,,,,,,,,,,,,,,,,,,,,,,,,,,,,,,,,,,2000,,,,,,,Matt H,DNEasy Blood & Tissue- by hand,Lander active,,3 extract tubes,FALSE,DMCI,16SFish,2023,DSC Landers,Deep-sea,DSC Landers_2023,CI_2000_A
ASV_1,CI_2000_A_2,24012,Eukarya,Chordata,Actinopterygii,Scombriformes,Scombridae,Auxis,dropped,Auxis,"Auxis rochei, Auxis thazard",fishbase,99.91,,,,,,CGGTCCGTTGATCGGCATTGCCGGATCTTATTGGTCAGAAATTCTGTTCATTAGAGCTGCAGCTCTTGGTTGTAGGAGGTAGTACTCCCATTCCACGTGGGGGTTTTTTATTTCCCCGCGGTCGCCCCAACCAAAGACATGGGGGCATGATTCATTTGGTTTAGCCCTTTGTTTAGGGGTGTTTAACATGATATGCCTTGGT,sample,"",,,,,,,105.773,-10.417,105.773,-10.417,,,Indian Ocean: Near CI,2023-12-11T17:07:00,,,,,,,,,,,,,,,,,,,,,,,,,,,,,,,,,,,,,2023-11-17T00:00:00,,,,,,,,,,,,,,,,,,2293,2293,,,,,,,,,,,,,,,,,,,,,,,,,,,,,,,,,,,,,,,,,,,,,,,,,,,,,,,,,,2000,,,,,,,Matt H,DNEasy Blood & Tissue- by hand,Lander active,,3 extract tubes,FALSE,DMCI,16SFish,2023,DSC Landers,Deep-sea,DSC Landers_2023,CI_2000_A
ASV_1,CI_2000_B_1,10707,Eukarya,Chordata,Actinopterygii,Scombriformes,Scombridae,Auxis,dropped,Auxis,"Auxis rochei, Auxis thazard",fishbase,99.91,,,,,,CGGTCCGTTGATCGGCATTGCCGGATCTTATTGGTCAGAAATTCTGTTCATTAGAGCTGCAGCTCTTGGTTGTAGGAGGTAGTACTCCCATTCCACGTGGGGGTTTTTTATTTCCCCGCGGTCGCCCCAACCAAAGACATGGGGGCATGATTCATTTGGTTTAGCCCTTTGTTTAGGGGTGTTTAACATGATATGCCTTGGT,sample,"",,,,,,,105.783,-10.446,105.783,-10.446,,,Indian Ocean: Near CI,2023-12-11T16:45:00,,,,,,,,,,,,,,,,,,,,,,,,,,,,,,,,,,,,,2023-11-17T00:00:00,,,,,,,,,,,,,,,,,,1981,1981,,,,,,,,,,,,,,,,,,,,,,,,,,,,,,,,,,,,,,,,,,,,,,,,,,,,,,,,,,2000,,,,,,,Matt H,DNEasy Blood & Tissue- by hand,Lander active,,3 extract tubes,FALSE,DMCI,16SFish,2023,DSC Landers,Deep-sea,DSC Landers_2023,CI_2000_B
ASV_1,CI_2000_B_2,18646,Eukarya,Chordata,Actinopterygii,Scombriformes,Scombridae,Auxis,dropped,Auxis,"Auxis rochei, Auxis thazard",fishbase,99.91,,,,,,CGGTCCGTTGATCGGCATTGCCGGATCTTATTGGTCAGAAATTCTGTTCATTAGAGCTGCAGCTCTTGGTTGTAGGAGGTAGTACTCCCATTCCACGTGGGGGTTTTTTATTTCCCCGCGGTCGCCCCAACCAAAGACATGGGGGCATGATTCATTTGGTTTAGCCCTTTGTTTAGGGGTGTTTAACATGATATGCCTTGGT,sample,"",,,,,,,105.783,-10.446,105.783,-10.446,,,Indian Ocean: Near CI,2023-12-11T16:45:00,,,,,,,,,,,,,,,,,,,,,,,,,,,,,,,,,,,,,2023-11-17T00:00:00,,,,,,,,,,,,,,,,,,1981,1981,,,,,,,,,,,,,,,,,,,,,,,,,,,,,,,,,,,,,,,,,,,,,,,,,,,,,,,,,,2000,,,,,,,Matt H,DNEasy Blood & Tissue- by hand,Lander active,,3 extract tubes,FALSE,DMCI,16SFish,2023,DSC Landers,Deep-sea,DSC Landers_2023,CI_2000_B
