taxonKey,gbif_count_AOI,matchedName,abundance_class
2356953,87925,NA,very_common
2418064,82378,NA,very_common
2418036,60723,NA,very_common
5201392,59863,NA,very_common
2417981,55433,NA,very_common
2374822,50623,NA,very_common
2417905,47077,NA,very_common
2383154,45872,NA,very_common
5215675,45657,NA,very_common
2391050,43061,NA,very_common
2384741,41980,NA,very_common
2335319,40747,NA,very_common
5212440,37076,NA,very_common
2392280,36897,NA,very_common
2392139,33434,NA,very_common
2401167,33208,NA,very_common
2388240,29093,NA,very_common
2417541,27654,NA,very_common
2356623,27338,NA,very_common
2380012,25992,NA,very_common
2419488,24240,NA,very_common
2391175,23805,NA,very_common
8231523,22519,NA,very_common
2406835,22482,NA,very_common
2418009,21740,NA,very_common
2418054,20461,NA,very_common
2383158,19544,NA,very_common
7009623,19527,NA,very_common
2374823,18906,NA,very_common
2407011,17910,NA,very_common
2392252,17604,NA,very_common
2382902,16629,NA,very_common
2399341,16536,NA,very_common
2386044,15442,NA,very_common
9770885,15237,NA,very_common
2418234,15219,NA,very_common
2407280,15160,NA,very_common
5201404,15008,NA,very_common
2356624,14250,NA,very_common
2374885,13646,NA,very_common
2384771,13522,NA,very_common
8215487,13036,NA,very_common
2336663,12789,NA,very_common
2419095,12442,NA,very_common
2336634,11709,NA,very_common
2407216,11360,NA,very_common
2374368,11081,NA,very_common
5210481,10852,NA,very_common
2420694,10732,NA,very_common
2418173,10480,NA,very_common
2385170,10469,NA,very_common
2383927,10221,NA,very_common
2380069,10202,NA,very_common
7193020,10160,NA,very_common
2383502,10099,NA,very_common
5210479,9990,NA,very_common
2335330,9953,NA,very_common
8189568,9675,NA,very_common
2411877,9491,NA,very_common
2369550,9331,NA,very_common
2384899,9176,NA,very_common
2356626,9039,NA,very_common
2375003,9016,NA,very_common
2417970,8891,NA,very_common
2396606,8834,NA,very_common
2413176,8544,NA,very_common
2397805,8447,NA,very_common
2391990,8185,NA,very_common
2381270,7941,NA,very_common
2374864,7565,NA,very_common
5216351,7417,NA,very_common
5213388,7114,NA,very_common
2396755,7107,NA,very_common
2383363,7102,NA,very_common
2383532,7084,NA,very_common
2357093,7076,NA,very_common
2381302,6982,NA,very_common
2399347,6958,NA,very_common
2412583,6719,NA,very_common
5209594,6616,NA,very_common
2419304,6491,NA,very_common
2387397,6489,NA,very_common
7744449,6116,NA,very_common
2406850,6028,NA,very_common
2385069,5990,NA,very_common
2418259,5973,NA,very_common
5961708,5913,NA,very_common
2381262,5894,NA,very_common
2387940,5786,NA,very_common
2400687,5774,NA,very_common
2333513,5602,NA,very_common
2390168,5402,NA,very_common
2396642,5302,NA,very_common
2398388,5259,NA,very_common
5208657,5163,NA,very_common
2396829,4957,NA,very_common
2383791,4929,NA,very_common
2398105,4871,NA,very_common
2406651,4723,NA,very_common
2406841,4662,NA,very_common
2374768,4660,NA,very_common
2396825,4552,NA,very_common
2406660,4519,NA,very_common
2394201,4429,NA,very_common
2392273,4427,NA,very_common
2384468,4378,NA,very_common
2381227,4345,NA,very_common
2386583,4344,NA,very_common
2381256,4318,NA,very_common
2335252,4309,NA,very_common
2374972,4291,NA,very_common
2418347,4270,NA,very_common
2418005,4249,NA,very_common
2399342,4212,NA,very_common
2392168,4172,NA,very_common
2418633,4114,NA,very_common
5201386,3903,NA,very_common
2397838,3849,NA,very_common
2384758,3795,NA,very_common
2391949,3778,NA,very_common
2336701,3762,NA,very_common
2383954,3733,NA,very_common
2406906,3726,NA,very_common
4284264,3709,NA,very_common
2383546,3709,NA,very_common
2392111,3683,NA,very_common
2388152,3680,NA,very_common
2406838,3663,NA,very_common
2369201,3584,NA,very_common
5204019,3538,NA,very_common
2352256,3520,NA,very_common
2392247,3505,NA,very_common
2381209,3452,NA,very_common
5200965,3435,NA,very_common
5211027,3413,NA,very_common
2391982,3388,NA,very_common
2392320,3374,NA,very_common
2401144,3366,NA,very_common
2380192,3363,NA,very_common
2387346,3301,NA,very_common
7009918,3293,NA,very_common
2407740,3234,NA,very_common
2392142,3195,NA,very_common
2390191,3187,NA,very_common
2375243,3185,NA,very_common
5209766,3179,NA,very_common
2336668,3175,NA,very_common
2419384,3154,NA,very_common
2381221,3122,NA,very_common
2374755,3096,NA,very_common
2420766,3061,NA,very_common
2394713,3058,NA,very_common
2374394,3043,NA,very_common
2383526,3035,NA,very_common
2336715,3028,NA,very_common
2406792,3026,NA,very_common
2384789,2990,NA,very_common
2406528,2981,NA,very_common
2375011,2968,NA,very_common
2388652,2940,NA,very_common
2406848,2929,NA,very_common
2374370,2895,NA,very_common
2356631,2894,NA,very_common
5208050,2854,NA,very_common
2406878,2852,NA,very_common
2398914,2845,NA,very_common
4838037,2842,NA,very_common
2408010,2808,NA,very_common
2374866,2807,NA,very_common
2391226,2749,NA,very_common
4353928,2735,NA,very_common
2411792,2708,NA,very_common
2404101,2678,NA,very_common
2383931,2670,NA,very_common
5210867,2647,NA,very_common
2345645,2646,NA,very_common
2396781,2639,NA,very_common
2384092,2627,NA,very_common
2397850,2619,NA,very_common
2411855,2605,NA,very_common
2393577,2589,NA,very_common
2383731,2578,NA,very_common
2374857,2578,NA,very_common
2395734,2541,NA,very_common
2392848,2517,NA,very_common
2406702,2498,NA,very_common
2398108,2452,NA,very_common
8178301,2428,NA,very_common
2419411,2408,NA,very_common
2383399,2405,NA,very_common
2374156,2398,NA,very_common
2390477,2380,NA,very_common
2408691,2351,NA,very_common
2388150,2330,NA,very_common
2398485,2321,NA,very_common
2418789,2295,NA,very_common
2419405,2265,NA,very_common
2385302,2248,NA,very_common
5200931,2233,NA,very_common
9241141,2142,NA,very_common
2414019,2134,NA,very_common
2398107,2132,NA,very_common
2408032,2123,NA,very_common
2396586,2097,NA,very_common
2383794,2096,NA,very_common
5201387,2094,NA,very_common
2373941,2045,NA,very_common
2374555,2021,NA,very_common
5788038,2010,NA,very_common
2387371,2001,NA,very_common
2406866,1999,NA,very_common
5961706,1998,NA,very_common
2420137,1986,NA,very_common
5211134,1953,NA,very_common
5209243,1940,NA,very_common
2392134,1936,NA,very_common
2385712,1927,NA,very_common
2368860,1917,NA,very_common
2412009,1869,NA,very_common
2389722,1869,NA,very_common
2408028,1838,NA,very_common
2380577,1836,NA,very_common
2356717,1834,NA,very_common
10057254,1827,NA,very_common
2382999,1803,NA,very_common
5210540,1796,NA,very_common
2379938,1792,NA,very_common
2334593,1790,NA,very_common
2417281,1787,NA,very_common
2415257,1787,NA,very_common
2384787,1777,NA,very_common
2407758,1755,NA,very_common
2406410,1754,NA,very_common
2395969,1750,NA,very_common
2335074,1734,NA,very_common
2374233,1706,NA,very_common
2398669,1704,NA,very_common
5209972,1687,NA,very_common
4840327,1679,NA,very_common
5210118,1679,NA,very_common
2398657,1660,NA,very_common
2356802,1630,NA,very_common
2374858,1622,NA,very_common
2418972,1614,NA,very_common
5208090,1605,NA,very_common
5209217,1602,NA,very_common
2385390,1580,NA,very_common
2391331,1558,NA,very_common
2392910,1552,NA,very_common
2337292,1543,NA,very_common
2335344,1535,NA,very_common
2377014,1521,NA,very_common
2417820,1508,NA,very_common
2418597,1505,NA,very_common
2388075,1487,NA,very_common
2374977,1487,NA,very_common
2383750,1485,NA,very_common
2385661,1462,NA,very_common
2406696,1447,NA,very_common
2380285,1440,NA,very_common
5208742,1409,NA,very_common
2417818,1409,NA,very_common
2380123,1402,NA,very_common
9576136,1401,NA,very_common
2374412,1401,NA,very_common
2390479,1399,NA,very_common
2375151,1389,NA,very_common
2336695,1389,NA,very_common
2395799,1386,NA,very_common
2395407,1385,NA,very_common
2407129,1373,NA,very_common
9301034,1371,NA,very_common
4284547,1358,NA,very_common
2407640,1358,NA,very_common
2380063,1355,NA,very_common
2408837,1351,NA,very_common
5200938,1343,NA,very_common
5215329,1339,NA,very_common
2388808,1323,NA,very_common
5209986,1323,NA,very_common
2374789,1317,NA,very_common
2411985,1313,NA,very_common
2381646,1308,NA,very_common
2374413,1306,NA,very_common
2383427,1300,NA,very_common
2384805,1298,NA,very_common
2408819,1294,NA,very_common
2404997,1292,NA,very_common
2332986,1282,NA,very_common
2336704,1275,NA,very_common
2375300,1265,NA,very_common
11210980,1255,NA,very_common
5210061,1247,NA,very_common
2406859,1246,NA,very_common
2417255,1237,NA,very_common
2398282,1234,NA,very_common
5209794,1232,NA,very_common
2407845,1231,NA,very_common
5214795,1229,NA,very_common
2385297,1217,NA,very_common
2388698,1216,NA,very_common
2381246,1212,NA,very_common
2417557,1206,NA,very_common
2393714,1198,NA,very_common
2387925,1188,NA,very_common
2415620,1188,NA,very_common
2384055,1186,NA,very_common
2406168,1182,NA,very_common
2385730,1182,NA,very_common
5210267,1172,NA,very_common
2394463,1170,NA,very_common
2396768,1167,NA,very_common
9328654,1166,NA,very_common
2375156,1164,NA,very_common
2375008,1161,NA,very_common
2383374,1153,NA,very_common
2395993,1153,NA,very_common
2375059,1151,NA,very_common
2385583,1141,NA,very_common
2421025,1140,NA,very_common
5209923,1139,NA,very_common
2408820,1138,NA,very_common
2418416,1136,NA,very_common
2336692,1133,NA,very_common
2396727,1133,NA,very_common
2380565,1131,NA,very_common
2385261,1129,NA,very_common
2417522,1125,NA,very_common
2391969,1123,NA,very_common
5209167,1119,NA,very_common
2392174,1108,NA,very_common
2406699,1100,NA,very_common
2381939,1099,NA,very_common
2374804,1096,NA,very_common
2374663,1092,NA,very_common
5209110,1089,NA,very_common
2408813,1088,NA,very_common
2374921,1085,NA,very_common
2396757,1065,NA,very_common
2419398,1065,NA,very_common
2384288,1056,NA,very_common
2337278,1053,NA,very_common
5212031,1042,NA,very_common
2380288,1038,NA,very_common
5211117,1034,NA,very_common
5201384,1032,NA,very_common
2407378,1026,NA,very_common
2398634,1020,NA,very_common
9350393,1019,NA,very_common
5212203,1015,NA,very_common
2405003,1007,NA,very_common
2417796,1003,NA,very_common
2337285,1002,NA,very_common
2341900,999,NA,common
2407185,992,NA,common
2384881,991,NA,common
5209763,985,NA,common
7965247,985,NA,common
2383304,983,NA,common
8584014,982,NA,common
2407938,981,NA,common
2379337,978,NA,common
2398923,961,NA,common
2417418,956,NA,common
2379621,956,NA,common
2374996,952,NA,common
2337302,952,NA,common
2389100,952,NA,common
5212044,943,NA,common
2408168,940,NA,common
2387315,939,NA,common
2359706,939,NA,common
5208652,932,NA,common
2386716,932,NA,common
2388344,931,NA,common
2380217,931,NA,common
5216248,929,NA,common
2418976,916,NA,common
2384187,916,NA,common
9444851,906,NA,common
2335740,904,NA,common
2394719,901,NA,common
5201086,901,NA,common
2396713,901,NA,common
5212047,896,NA,common
2415306,893,NA,common
2408015,886,NA,common
2417285,884,NA,common
2381327,877,NA,common
2417940,877,NA,common
5209124,869,NA,common
2407343,865,NA,common
2357165,862,NA,common
2415200,856,NA,common
2384777,853,NA,common
2418580,852,NA,common
2387545,850,NA,common
2383947,847,NA,common
2372396,842,NA,common
2408118,832,NA,common
2383017,830,NA,common
2385510,822,NA,common
5212018,820,NA,common
2379863,817,NA,common
5209673,813,NA,common
2395804,812,NA,common
2374759,811,NA,common
2369676,808,NA,common
5208655,803,NA,common
2382732,803,NA,common
2396355,801,NA,common
2412985,795,NA,common
2387505,791,NA,common
2394249,790,NA,common
10061929,789,NA,common
2391232,788,NA,common
2384869,769,NA,common
2418705,768,NA,common
2383402,767,NA,common
2391729,766,NA,common
5212219,765,NA,common
2394253,762,NA,common
2401658,761,NA,common
2356693,758,NA,common
2383739,756,NA,common
5211548,755,NA,common
9694948,753,NA,common
2396399,752,NA,common
5215249,749,NA,common
2397451,748,NA,common
7193045,748,NA,common
2415343,740,NA,common
2395026,739,NA,common
5215435,739,NA,common
2388492,737,NA,common
2395795,737,NA,common
2374013,736,NA,common
5212239,735,NA,common
2345644,735,NA,common
2385118,722,NA,common
2373996,714,NA,common
2390341,712,NA,common
2415353,710,NA,common
5210065,710,NA,common
2385421,705,NA,common
2398320,703,NA,common
2387142,702,NA,common
2334438,695,NA,common
2334361,690,NA,common
2380580,688,NA,common
2408337,686,NA,common
2396480,680,NA,common
2337296,672,NA,common
2399356,672,NA,common
2374850,670,NA,common
2385428,668,NA,common
2393569,668,NA,common
2389398,658,NA,common
2409907,657,NA,common
2336678,652,NA,common
2417559,652,NA,common
2382984,650,NA,common
2357075,650,NA,common
2408836,649,NA,common
2385162,645,NA,common
2394243,645,NA,common
2398020,644,NA,common
2337282,644,NA,common
5212173,642,NA,common
2389407,641,NA,common
2333554,635,NA,common
2393382,630,NA,common
2383813,628,NA,common
2377330,619,NA,common
2394468,616,NA,common
2391943,604,NA,common
2397549,602,NA,common
2388379,599,NA,common
2408448,598,NA,common
2420264,596,NA,common
2402862,595,NA,common
2407834,593,NA,common
2419604,593,NA,common
5209672,592,NA,common
2407299,589,NA,common
2398267,588,NA,common
2385545,584,NA,common
2333586,583,NA,common
5210077,583,NA,common
2379864,579,NA,common
2383605,578,NA,common
2397731,576,NA,common
2337297,574,NA,common
2385783,574,NA,common
2407192,574,NA,common
2403299,572,NA,common
5201407,570,NA,common
2374545,570,NA,common
2392669,569,NA,common
2385153,568,NA,common
7479802,566,NA,common
5213766,566,NA,common
2408856,563,NA,common
2396687,560,NA,common
2383021,559,NA,common
2406476,559,NA,common
7193060,558,NA,common
2419902,556,NA,common
2384460,556,NA,common
2378695,555,NA,common
2385531,552,NA,common
2391922,549,NA,common
5961978,548,NA,common
5209196,547,NA,common
2334535,545,NA,common
5201402,545,NA,common
2393756,544,NA,common
9301049,540,NA,common
2405956,536,NA,common
2416103,535,NA,common
2378278,534,NA,common
2357118,532,NA,common
2375228,531,NA,common
2395981,531,NA,common
2335661,528,NA,common
2356611,527,NA,common
2408107,525,NA,common
2383474,522,NA,common
2420189,520,NA,common
5208741,518,NA,common
2391002,516,NA,common
2391965,516,NA,common
2374886,514,NA,common
5211261,509,NA,common
2385729,508,NA,common
2403953,507,NA,common
2386616,506,NA,common
2417109,502,NA,common
2405526,502,NA,common
2411597,499,NA,common
2421203,499,NA,common
5209227,498,NA,common
5216418,494,NA,common
2418792,489,NA,common
2384453,488,NA,common
2406708,487,NA,common
2406690,487,NA,common
2398933,486,NA,common
5961696,486,NA,common
2421121,483,NA,common
2383308,481,NA,common
2374657,481,NA,common
2390315,478,NA,common
2390180,477,NA,common
2421150,476,NA,common
2378306,473,NA,common
2391920,467,NA,common
2374656,459,NA,common
4285928,459,NA,common
5215208,454,NA,common
5212680,454,NA,common
2390613,453,NA,common
2417127,452,NA,common
2408014,451,NA,common
2396505,451,NA,common
2333583,451,NA,common
2398149,451,NA,common
2407725,447,NA,common
2392169,445,NA,common
5212140,445,NA,common
5215092,444,NA,common
2397724,443,NA,common
2346827,443,NA,common
2406862,442,NA,common
2418942,442,NA,common
2402841,442,NA,common
2416266,440,NA,common
2419423,439,NA,common
2374779,438,NA,common
5209697,436,NA,common
2416409,434,NA,common
2418774,428,NA,common
2381652,427,NA,common
2417337,425,NA,common
2388825,422,NA,common
2406864,421,NA,common
2407773,418,NA,common
2392854,413,NA,common
5207570,411,NA,common
2388229,410,NA,common
2418052,408,NA,common
2395887,408,NA,common
2345401,404,NA,common
2383133,403,NA,common
2333157,403,NA,common
2391067,398,NA,common
2374521,398,NA,common
2418252,397,NA,common
2381529,395,NA,common
2380208,392,NA,common
5212634,391,NA,common
5788221,390,NA,common
2396655,389,NA,common
2377109,388,NA,common
2390805,387,NA,common
2377672,387,NA,common
2416044,385,NA,common
2397938,385,NA,common
2416314,384,NA,common
2374651,384,NA,common
5209823,383,NA,common
2335780,382,NA,common
5208070,382,NA,common
2417568,380,NA,common
2405851,379,NA,common
5213416,377,NA,common
2378450,376,NA,common
2383480,375,NA,common
2389699,375,NA,common
2388213,374,NA,common
2396623,373,NA,common
4286171,372,NA,common
2385458,371,NA,common
2381299,371,NA,common
5212442,370,NA,common
5962231,370,NA,common
2395821,368,NA,common
9363775,368,NA,common
2390776,366,NA,common
2337068,364,NA,common
2356612,364,NA,common
5212639,364,NA,common
2385498,360,NA,common
2345402,360,NA,common
2407778,359,NA,common
5213361,355,NA,common
2383837,353,NA,common
2383466,351,NA,common
5210114,351,NA,common
2384141,350,NA,common
5962529,348,NA,common
2383305,347,NA,common
2336964,345,NA,common
2374191,345,NA,common
2395056,344,NA,common
5215430,342,NA,common
5201115,340,NA,common
5208733,339,NA,common
5214407,338,NA,common
2407362,335,NA,common
5213287,335,NA,common
5213725,334,NA,common
2334538,331,NA,common
2396766,329,NA,common
5209204,328,NA,common
5211130,328,NA,common
5212670,328,NA,common
2393790,327,NA,common
2407389,325,NA,common
2401686,325,NA,common
2418464,324,NA,common
2380221,322,NA,common
2385403,321,NA,common
2418794,321,NA,common
2421047,319,NA,common
2383744,319,NA,common
5212240,318,NA,common
5212068,317,NA,common
2393724,316,NA,common
2419807,314,NA,common
2388891,312,NA,common
2394312,312,NA,common
7193028,311,NA,common
5961682,311,NA,common
2419449,310,NA,common
2415061,310,NA,common
2393194,309,NA,common
2398824,308,NA,common
2380216,307,NA,common
5209098,307,NA,common
5212150,306,NA,common
2383438,306,NA,common
2421051,303,NA,common
2391172,303,NA,common
2398200,302,NA,common
2416102,301,NA,common
2333592,301,NA,common
2407223,300,NA,common
2381898,299,NA,common
5213276,299,NA,common
2396426,299,NA,common
2333518,298,NA,common
2406846,298,NA,common
2400592,297,NA,common
5210021,295,NA,common
2335614,295,NA,common
2417866,294,NA,common
2415336,293,NA,common
2384102,292,NA,common
2419592,290,NA,common
2381337,289,NA,common
2383807,288,NA,common
5215568,288,NA,common
2383808,287,NA,common
2408024,286,NA,common
2420797,284,NA,common
5212638,284,NA,common
2402842,283,NA,common
2332603,282,NA,common
2403908,282,NA,common
5213434,281,NA,common
2374255,280,NA,common
5208561,279,NA,common
2397380,279,NA,common
2383325,278,NA,common
2390240,278,NA,common
2380286,277,NA,common
5208599,277,NA,common
2396678,276,NA,common
2415208,271,NA,common
2394208,270,NA,common
2385129,269,NA,common
2337291,269,NA,common
5213418,269,NA,common
5203203,268,NA,common
2380213,268,NA,common
7553581,266,NA,common
2333545,265,NA,common
2374069,263,NA,common
2404046,262,NA,common
2403973,262,NA,common
2415213,261,NA,common
2389157,260,NA,common
2347445,260,NA,common
5209096,256,NA,common
7193062,256,NA,common
2420911,255,NA,common
2384699,253,NA,common
2390580,249,NA,common
2391060,248,NA,common
2399346,247,NA,common
2336669,246,NA,common
2410818,246,NA,common
8332879,245,NA,common
5209597,244,NA,common
2356573,243,NA,common
5204764,242,NA,common
9619603,241,NA,common
2374798,240,NA,common
2415433,240,NA,common
2380204,239,NA,common
5209121,236,NA,common
5215258,235,NA,common
2396834,235,NA,common
5210660,235,NA,common
2415318,234,NA,common
5212081,233,NA,common
5209666,233,NA,common
2401180,231,NA,common
2376393,229,NA,common
2384442,229,NA,common
7193839,229,NA,common
2418648,228,NA,common
2400595,228,NA,common
2417115,227,NA,common
2334717,227,NA,common
5213491,224,NA,common
2419293,223,NA,common
2391007,223,NA,common
2411778,222,NA,common
2380196,222,NA,common
2381911,220,NA,common
2416215,219,NA,common
2408818,219,NA,common
2390871,219,NA,common
2394230,219,NA,common
2385564,218,NA,common
2396765,218,NA,common
2415264,218,NA,common
4286082,217,NA,common
2421019,217,NA,common
2346674,217,NA,common
9677005,217,NA,common
2406982,215,NA,common
2388686,215,NA,common
2369272,215,NA,common
2416780,214,NA,common
5788217,214,NA,common
2334536,213,NA,common
2387622,212,NA,common
2379877,212,NA,common
2389335,210,NA,common
2384363,210,NA,common
2398924,210,NA,common
2390233,210,NA,common
2346804,209,NA,common
2398294,209,NA,common
2388137,208,NA,common
2390198,208,NA,common
2395240,207,NA,common
2394376,207,NA,common
2383818,205,NA,common
2345938,204,NA,common
2396049,203,NA,common
2405479,203,NA,common
5209678,202,NA,common
2376277,202,NA,common
2356678,202,NA,common
2416752,201,NA,common
2334899,201,NA,common
2407667,200,NA,common
2407698,200,NA,common
2414690,199,NA,uncommon
2418427,198,NA,uncommon
2397636,198,NA,uncommon
2374399,197,NA,uncommon
2410394,196,NA,uncommon
2332813,196,NA,uncommon
5201409,194,NA,uncommon
5203139,194,NA,uncommon
5209162,193,NA,uncommon
2420254,191,NA,uncommon
9760005,191,NA,uncommon
5213415,190,NA,uncommon
5211265,188,NA,uncommon
2396090,186,NA,uncommon
5215116,185,NA,uncommon
2410146,184,NA,uncommon
2406056,184,NA,uncommon
2377776,184,NA,uncommon
2375184,183,NA,uncommon
2384128,183,NA,uncommon
5216346,182,NA,uncommon
9582804,181,NA,uncommon
2393846,180,NA,uncommon
2388220,179,NA,uncommon
5216430,178,NA,uncommon
5213288,178,NA,uncommon
2333644,178,NA,uncommon
2418028,177,NA,uncommon
2356683,177,NA,uncommon
9775198,177,NA,uncommon
2407235,177,NA,uncommon
8493577,177,NA,uncommon
2390537,176,NA,uncommon
2408317,175,NA,uncommon
2407348,174,NA,uncommon
2394213,174,NA,uncommon
2407039,173,NA,uncommon
5214754,172,NA,uncommon
2335754,172,NA,uncommon
5853522,171,NA,uncommon
2411995,170,NA,uncommon
2407528,170,NA,uncommon
9815299,170,NA,uncommon
2347002,169,NA,uncommon
5788222,169,NA,uncommon
5214394,168,NA,uncommon
5209711,168,NA,uncommon
2411671,168,NA,uncommon
2419905,168,NA,uncommon
2374254,168,NA,uncommon
2384996,167,NA,uncommon
2341938,165,NA,uncommon
8262148,164,NA,uncommon
2374603,163,NA,uncommon
2398336,163,NA,uncommon
2406032,162,NA,uncommon
5213374,160,NA,uncommon
2383735,160,NA,uncommon
7193051,160,NA,uncommon
5209675,159,NA,uncommon
2397541,159,NA,uncommon
5209819,159,NA,uncommon
2403157,159,NA,uncommon
2334961,159,NA,uncommon
2398682,158,NA,uncommon
2383673,157,NA,uncommon
2375162,156,NA,uncommon
2398633,155,NA,uncommon
2406033,154,NA,uncommon
2408112,154,NA,uncommon
7791680,154,NA,uncommon
2400463,154,NA,uncommon
5213106,153,NA,uncommon
5210003,153,NA,uncommon
5210079,153,NA,uncommon
2378133,152,NA,uncommon
5961802,151,NA,uncommon
7659357,150,NA,uncommon
2397945,149,NA,uncommon
2395713,148,NA,uncommon
2390288,148,NA,uncommon
2398487,147,NA,uncommon
2379623,147,NA,uncommon
2388602,147,NA,uncommon
2390831,146,NA,uncommon
2398965,146,NA,uncommon
2377024,145,NA,uncommon
2408334,145,NA,uncommon
2384300,145,NA,uncommon
2384495,145,NA,uncommon
2335216,144,NA,uncommon
5201399,144,NA,uncommon
2401415,143,NA,uncommon
2385706,142,NA,uncommon
2382467,142,NA,uncommon
2378149,141,NA,uncommon
2385790,141,NA,uncommon
5784874,140,NA,uncommon
2406809,140,NA,uncommon
5214370,140,NA,uncommon
2388916,139,NA,uncommon
2385331,139,NA,uncommon
2413183,139,NA,uncommon
2412049,139,NA,uncommon
2417445,139,NA,uncommon
2407264,139,NA,uncommon
2407639,138,NA,uncommon
7193834,138,NA,uncommon
2385422,136,NA,uncommon
2383676,134,NA,uncommon
5204024,134,NA,uncommon
2384543,134,NA,uncommon
4285896,133,NA,uncommon
2394365,132,NA,uncommon
2383669,131,NA,uncommon
2380236,131,NA,uncommon
8098719,130,NA,uncommon
2415332,129,NA,uncommon
5210446,128,NA,uncommon
2396835,128,NA,uncommon
11989370,127,NA,uncommon
2393705,127,NA,uncommon
2406290,126,NA,uncommon
2416792,126,NA,uncommon
2395208,126,NA,uncommon
2377369,126,NA,uncommon
2347579,125,NA,uncommon
2368477,125,NA,uncommon
2421030,125,NA,uncommon
2347567,124,NA,uncommon
2388115,124,NA,uncommon
2383481,123,NA,uncommon
2418590,123,NA,uncommon
2356613,123,NA,uncommon
2335667,123,NA,uncommon
5209907,122,NA,uncommon
2417983,122,NA,uncommon
2391064,122,NA,uncommon
2380224,122,NA,uncommon
2405588,122,NA,uncommon
2417482,122,NA,uncommon
5204668,121,NA,uncommon
2393627,121,NA,uncommon
2385315,120,NA,uncommon
2356993,120,NA,uncommon
2401656,119,NA,uncommon
2406071,119,NA,uncommon
5203183,119,NA,uncommon
2334447,119,NA,uncommon
2378538,119,NA,uncommon
2382953,118,NA,uncommon
2398942,118,NA,uncommon
2403171,117,NA,uncommon
2357128,117,NA,uncommon
2387652,117,NA,uncommon
2346768,116,NA,uncommon
2396716,116,NA,uncommon
2382701,116,NA,uncommon
2394210,116,NA,uncommon
2419397,116,NA,uncommon
2346841,116,NA,uncommon
2357106,115,NA,uncommon
2389876,115,NA,uncommon
9556328,115,NA,uncommon
2384359,115,NA,uncommon
2385801,115,NA,uncommon
2395719,114,NA,uncommon
2385416,114,NA,uncommon
2408318,114,NA,uncommon
2356699,114,NA,uncommon
2406657,114,NA,uncommon
2396564,113,NA,uncommon
5209920,113,NA,uncommon
2407158,113,NA,uncommon
2407018,113,NA,uncommon
2405362,113,NA,uncommon
2416421,112,NA,uncommon
2333571,110,NA,uncommon
5203181,108,NA,uncommon
5216239,108,NA,uncommon
2401139,108,NA,uncommon
9784990,108,NA,uncommon
5961991,107,NA,uncommon
2333374,107,NA,uncommon
2375069,107,NA,uncommon
2385192,107,NA,uncommon
5216343,107,NA,uncommon
2400487,107,NA,uncommon
2384063,106,NA,uncommon
2374870,106,NA,uncommon
2396852,106,NA,uncommon
2394300,106,NA,uncommon
7466803,105,NA,uncommon
2403808,105,NA,uncommon
2414670,105,NA,uncommon
2398801,105,NA,uncommon
9568834,104,NA,uncommon
5213280,104,NA,uncommon
2379534,104,NA,uncommon
10042995,104,NA,uncommon
5216354,104,NA,uncommon
2382982,103,NA,uncommon
5215245,103,NA,uncommon
2406788,103,NA,uncommon
2415296,103,NA,uncommon
2383693,103,NA,uncommon
11663485,102,NA,uncommon
2405783,102,NA,uncommon
2332983,102,NA,uncommon
2375045,101,NA,uncommon
2396518,100,NA,uncommon
2421061,100,NA,uncommon
2404600,100,NA,uncommon
2406374,99,NA,uncommon
2401318,99,NA,uncommon
2383730,99,NA,uncommon
2406182,98,NA,uncommon
2373933,98,NA,uncommon
2405683,97,NA,uncommon
2395408,97,NA,uncommon
2397832,97,NA,uncommon
5216338,97,NA,uncommon
2390750,96,NA,uncommon
2419385,96,NA,uncommon
2333587,95,NA,uncommon
2388423,95,NA,uncommon
2356591,95,NA,uncommon
2401049,95,NA,uncommon
2333153,95,NA,uncommon
2395302,95,NA,uncommon
2378123,94,NA,uncommon
2407001,94,NA,uncommon
2374095,94,NA,uncommon
2421127,94,NA,uncommon
2369396,94,NA,uncommon
2419810,94,NA,uncommon
2336274,94,NA,uncommon
2347532,94,NA,uncommon
2346772,94,NA,uncommon
2398112,94,NA,uncommon
2396824,94,NA,uncommon
2408008,93,NA,uncommon
5208803,93,NA,uncommon
2417554,93,NA,uncommon
2391358,93,NA,uncommon
4889072,92,NA,uncommon
2356594,92,NA,uncommon
2406092,92,NA,uncommon
2397833,92,NA,uncommon
12036497,91,NA,uncommon
2393824,91,NA,uncommon
2385035,91,NA,uncommon
2403686,91,NA,uncommon
2398354,91,NA,uncommon
2336894,91,NA,uncommon
5216347,91,NA,uncommon
2419403,91,NA,uncommon
2347494,90,NA,uncommon
2406313,89,NA,uncommon
2403782,89,NA,uncommon
2380227,89,NA,uncommon
5213262,88,NA,uncommon
2385573,88,NA,uncommon
2405933,88,NA,uncommon
2376190,88,NA,uncommon
2397424,88,NA,uncommon
2356630,87,NA,uncommon
2400831,87,NA,uncommon
2403755,87,NA,uncommon
2374387,87,NA,uncommon
2402852,87,NA,uncommon
2384474,87,NA,uncommon
5210663,87,NA,uncommon
2405995,86,NA,uncommon
2403255,86,NA,uncommon
5209252,85,NA,uncommon
2351705,85,NA,uncommon
2388193,85,NA,uncommon
2380232,85,NA,uncommon
5209911,84,NA,uncommon
2387953,84,NA,uncommon
2392978,84,NA,uncommon
2384136,84,NA,uncommon
7458162,84,NA,uncommon
2397765,84,NA,uncommon
2381886,84,NA,uncommon
2375216,84,NA,uncommon
5212684,84,NA,uncommon
2410638,84,NA,uncommon
5788023,83,NA,uncommon
2408989,83,NA,uncommon
2407167,82,NA,uncommon
5211984,82,NA,uncommon
2407244,82,NA,uncommon
2391379,81,NA,uncommon
2396906,81,NA,uncommon
2407181,81,NA,uncommon
2384294,81,NA,uncommon
4286088,80,NA,uncommon
5961061,80,NA,uncommon
2396329,79,NA,uncommon
5213779,79,NA,uncommon
2402878,79,NA,uncommon
2383309,78,NA,uncommon
2380287,78,NA,uncommon
2368968,78,NA,uncommon
2393318,78,NA,uncommon
2398297,78,NA,uncommon
5211545,78,NA,uncommon
5213264,77,NA,uncommon
5209244,76,NA,uncommon
2385324,76,NA,uncommon
2396650,76,NA,uncommon
2409433,76,NA,uncommon
2415995,76,NA,uncommon
2405786,75,NA,uncommon
2395068,75,NA,uncommon
2357088,75,NA,uncommon
2397460,75,NA,uncommon
2393800,75,NA,uncommon
5210675,75,NA,uncommon
5209692,74,NA,uncommon
2389915,74,NA,uncommon
2407713,74,NA,uncommon
11282793,73,NA,uncommon
2385713,73,NA,uncommon
2357002,73,NA,uncommon
2357028,73,NA,uncommon
2383592,73,NA,uncommon
2375267,73,NA,uncommon
2346851,73,NA,uncommon
2421180,73,NA,uncommon
2416285,72,NA,uncommon
5213414,72,NA,uncommon
2377769,71,NA,uncommon
2380198,71,NA,uncommon
5215426,71,NA,uncommon
5208602,71,NA,uncommon
9756166,71,NA,uncommon
2395031,70,NA,uncommon
2376240,70,NA,uncommon
2387643,70,NA,uncommon
2380370,70,NA,uncommon
2388927,69,NA,uncommon
5211522,69,NA,uncommon
2415413,69,NA,uncommon
2382776,69,NA,uncommon
2334723,69,NA,uncommon
2398488,68,NA,uncommon
2418424,68,NA,uncommon
2379149,68,NA,uncommon
2388316,68,NA,uncommon
2388685,68,NA,uncommon
12123732,68,NA,uncommon
5216392,68,NA,uncommon
2421031,67,NA,uncommon
2374418,67,NA,uncommon
2376397,66,NA,uncommon
5212176,66,NA,uncommon
5207912,66,NA,uncommon
2415088,66,NA,uncommon
5216344,66,NA,uncommon
2414499,65,NA,uncommon
2408083,65,NA,uncommon
5210141,65,NA,uncommon
2390863,65,NA,uncommon
2375622,64,NA,uncommon
2375154,64,NA,uncommon
2402833,64,NA,uncommon
4841243,64,NA,uncommon
2388099,63,NA,uncommon
5212151,63,NA,uncommon
2383333,63,NA,uncommon
2385096,63,NA,uncommon
2357010,63,NA,uncommon
8333642,62,NA,uncommon
2420637,62,NA,uncommon
2395424,62,NA,uncommon
7485483,62,NA,uncommon
2389684,61,NA,uncommon
2403455,61,NA,uncommon
5215291,61,NA,uncommon
2385724,61,NA,uncommon
2335262,61,NA,uncommon
2398299,61,NA,uncommon
2347601,61,NA,uncommon
2406303,60,NA,uncommon
5962032,60,NA,uncommon
2405699,60,NA,uncommon
10208782,60,NA,uncommon
2378504,60,NA,uncommon
2400566,60,NA,uncommon
2410321,60,NA,uncommon
5209332,60,NA,uncommon
2377363,60,NA,uncommon
2377347,60,NA,uncommon
2407394,59,NA,uncommon
2393443,59,NA,uncommon
5208814,59,NA,uncommon
2383577,59,NA,uncommon
2374058,59,NA,uncommon
2418095,58,NA,uncommon
2384262,58,NA,uncommon
5213298,58,NA,uncommon
2390172,58,NA,uncommon
2333025,58,NA,uncommon
2377379,58,NA,uncommon
2388937,57,NA,uncommon
5209802,57,NA,uncommon
2406328,57,NA,uncommon
12340215,57,NA,uncommon
2405852,57,NA,uncommon
2406106,57,NA,uncommon
2417552,57,NA,uncommon
8149848,57,NA,uncommon
2410403,57,NA,uncommon
2392015,56,NA,uncommon
2386773,56,NA,uncommon
2403516,56,NA,uncommon
2376139,56,NA,uncommon
2336741,56,NA,uncommon
2391849,56,NA,uncommon
5962219,56,NA,uncommon
2401616,56,NA,uncommon
2383313,55,NA,uncommon
2406020,55,NA,uncommon
2415097,55,NA,uncommon
5211047,55,NA,uncommon
2405778,55,NA,uncommon
2408990,55,NA,uncommon
2334382,55,NA,uncommon
5210470,55,NA,uncommon
2407916,55,NA,uncommon
5212059,54,NA,uncommon
2397775,54,NA,uncommon
2379924,54,NA,uncommon
5963013,54,NA,uncommon
2386080,53,NA,uncommon
2401577,53,NA,uncommon
2414318,53,NA,uncommon
5208726,53,NA,uncommon
2401141,53,NA,uncommon
2334366,53,NA,uncommon
2406721,52,NA,uncommon
5215458,52,NA,uncommon
2405805,52,NA,uncommon
2415416,52,NA,uncommon
2357039,52,NA,uncommon
2397465,52,NA,uncommon
2408706,52,NA,uncommon
2346868,52,NA,uncommon
2409162,51,NA,uncommon
2387143,51,NA,uncommon
2383005,51,NA,uncommon
8084280,51,NA,uncommon
2393172,51,NA,uncommon
5209114,51,NA,uncommon
2410395,51,NA,uncommon
2346489,51,NA,uncommon
2334743,51,NA,uncommon
2388118,50,NA,uncommon
2396484,50,NA,uncommon
2374226,50,NA,uncommon
5208693,50,NA,uncommon
2336908,50,NA,uncommon
2418584,49,NA,rare
2390497,49,NA,rare
2346956,49,NA,rare
2406270,49,NA,rare
2356984,49,NA,rare
2335674,49,NA,rare
2410323,49,NA,rare
5208024,49,NA,rare
5211725,48,NA,rare
5712301,48,NA,rare
2391055,48,NA,rare
2388162,48,NA,rare
2384091,48,NA,rare
2384367,48,NA,rare
5212686,48,NA,rare
5210525,47,NA,rare
2398191,47,NA,rare
2404084,47,NA,rare
2345952,47,NA,rare
2357130,47,NA,rare
2407141,47,NA,rare
2420764,47,NA,rare
2390216,47,NA,rare
5209160,46,NA,rare
5203220,46,NA,rare
2415265,46,NA,rare
2405532,46,NA,rare
2379934,46,NA,rare
2410410,46,NA,rare
2375206,46,NA,rare
2392036,45,NA,rare
2345770,45,NA,rare
2385739,45,NA,rare
2368906,45,NA,rare
2374887,45,NA,rare
2398262,45,NA,rare
2396596,45,NA,rare
2334730,45,NA,rare
2334499,45,NA,rare
2384497,45,NA,rare
5208081,44,NA,rare
2385556,44,NA,rare
2415154,44,NA,rare
2406317,44,NA,rare
2378704,44,NA,rare
2385207,44,NA,rare
2408069,44,NA,rare
2401065,44,NA,rare
2419780,44,NA,rare
2407133,43,NA,rare
5211140,43,NA,rare
2406232,43,NA,rare
5209535,43,NA,rare
2333647,43,NA,rare
2337053,43,NA,rare
2407998,43,NA,rare
2410649,43,NA,rare
5201234,43,NA,rare
2347557,43,NA,rare
2417299,42,NA,rare
2406485,42,NA,rare
2379152,42,NA,rare
2406217,42,NA,rare
2397437,42,NA,rare
2406008,42,NA,rare
2335153,42,NA,rare
5213777,42,NA,rare
2356824,42,NA,rare
2406670,42,NA,rare
2419394,42,NA,rare
5211792,41,NA,rare
4286064,41,NA,rare
2410295,41,NA,rare
2397003,41,NA,rare
2411793,40,NA,rare
2406087,40,NA,rare
2393553,40,NA,rare
2406278,40,NA,rare
2335087,40,NA,rare
2395275,40,NA,rare
7692489,40,NA,rare
2347448,39,NA,rare
2406022,39,NA,rare
2395652,39,NA,rare
4286361,39,NA,rare
2379457,39,NA,rare
2409043,39,NA,rare
2393782,39,NA,rare
2397496,39,NA,rare
2407198,39,NA,rare
2369165,38,NA,rare
2345931,38,NA,rare
2410934,38,NA,rare
5210126,38,NA,rare
2346786,38,NA,rare
2382883,38,NA,rare
2356867,38,NA,rare
2356873,38,NA,rare
2368965,37,NA,rare
2385719,37,NA,rare
5209126,37,NA,rare
2405516,37,NA,rare
2385787,37,NA,rare
5213716,37,NA,rare
2396785,37,NA,rare
2379875,37,NA,rare
2389693,36,NA,rare
2403456,36,NA,rare
2387149,36,NA,rare
2392913,36,NA,rare
2392952,36,NA,rare
2385134,36,NA,rare
2384436,36,NA,rare
7672008,36,NA,rare
2407210,36,NA,rare
2384338,36,NA,rare
2390836,35,NA,rare
2420726,35,NA,rare
2399278,35,NA,rare
2390484,35,NA,rare
5211084,35,NA,rare
2407741,35,NA,rare
2405913,35,NA,rare
2408985,35,NA,rare
2334443,35,NA,rare
2335676,35,NA,rare
2407267,35,NA,rare
5209203,34,NA,rare
2411895,34,NA,rare
2404834,34,NA,rare
5209104,34,NA,rare
2383280,34,NA,rare
9397151,34,NA,rare
2385181,34,NA,rare
2383692,34,NA,rare
2374765,34,NA,rare
2412878,34,NA,rare
2378853,33,NA,rare
2347055,33,NA,rare
5212252,33,NA,rare
4837447,33,NA,rare
2368735,33,NA,rare
5215467,33,NA,rare
2346806,33,NA,rare
2405684,33,NA,rare
5201406,33,NA,rare
2405046,33,NA,rare
2408073,33,NA,rare
2391049,32,NA,rare
2406273,32,NA,rare
2346545,32,NA,rare
2387978,32,NA,rare
2414769,32,NA,rare
2397343,32,NA,rare
2375040,32,NA,rare
2397513,32,NA,rare
2335604,32,NA,rare
2385494,31,NA,rare
5212275,31,NA,rare
2395512,31,NA,rare
2404109,31,NA,rare
5213295,31,NA,rare
2346011,31,NA,rare
2345731,31,NA,rare
2411067,31,NA,rare
2385161,31,NA,rare
2357097,31,NA,rare
2407277,31,NA,rare
4286150,31,NA,rare
2398628,30,NA,rare
2405822,30,NA,rare
2401047,30,NA,rare
2396740,30,NA,rare
2418935,30,NA,rare
2347421,30,NA,rare
2347561,30,NA,rare
2410248,29,NA,rare
2420454,29,NA,rare
2379338,29,NA,rare
2376217,29,NA,rare
5208715,29,NA,rare
5214203,29,NA,rare
7193013,29,NA,rare
2398362,29,NA,rare
5204042,29,NA,rare
2393682,29,NA,rare
2390277,29,NA,rare
2412987,29,NA,rare
2384522,29,NA,rare
2397823,29,NA,rare
2377331,29,NA,rare
2385308,28,NA,rare
2397601,28,NA,rare
2374957,28,NA,rare
2418899,28,NA,rare
2401446,28,NA,rare
2387843,28,NA,rare
2406681,28,NA,rare
2333159,28,NA,rare
2399245,27,NA,rare
2401006,27,NA,rare
2388440,27,NA,rare
2395686,27,NA,rare
2420579,27,NA,rare
5962025,27,NA,rare
2375642,27,NA,rare
2381662,27,NA,rare
2410332,27,NA,rare
2345567,27,NA,rare
2406166,27,NA,rare
5209215,26,NA,rare
5213813,26,NA,rare
9496661,26,NA,rare
2396509,26,NA,rare
5215296,26,NA,rare
2381925,26,NA,rare
2392992,26,NA,rare
2380200,26,NA,rare
2380193,26,NA,rare
2411900,26,NA,rare
2346808,26,NA,rare
2335717,26,NA,rare
9241224,26,NA,rare
2385837,26,NA,rare
2397789,26,NA,rare
2334506,26,NA,rare
2383701,26,NA,rare
2380080,26,NA,rare
2391955,26,NA,rare
5201174,26,NA,rare
2409904,26,NA,rare
2398497,25,NA,rare
8383816,25,NA,rare
2347053,25,NA,rare
5788034,25,NA,rare
2385528,25,NA,rare
2385329,25,NA,rare
5212158,25,NA,rare
5212250,25,NA,rare
2376194,25,NA,rare
5211086,25,NA,rare
2387123,25,NA,rare
2381545,25,NA,rare
2385839,25,NA,rare
5212935,25,NA,rare
2406093,25,NA,rare
2398345,25,NA,rare
7595433,25,NA,rare
2393689,25,NA,rare
2345862,25,NA,rare
2384546,25,NA,rare
2383491,24,NA,rare
5210351,24,NA,rare
5209696,24,NA,rare
2346933,24,NA,rare
2381309,24,NA,rare
2401629,24,NA,rare
7614042,24,NA,rare
2389116,24,NA,rare
2389138,23,NA,rare
5209262,23,NA,rare
5209154,23,NA,rare
2406900,23,NA,rare
2378812,23,NA,rare
2389184,23,NA,rare
2396495,23,NA,rare
2406520,23,NA,rare
2347465,23,NA,rare
2414335,23,NA,rare
2395375,23,NA,rare
2390473,23,NA,rare
2378478,23,NA,rare
5213751,23,NA,rare
2393062,23,NA,rare
2395905,22,NA,rare
2406972,22,NA,rare
5212136,22,NA,rare
2395832,22,NA,rare
2379644,22,NA,rare
2405474,22,NA,rare
2383128,22,NA,rare
2385027,22,NA,rare
2381542,22,NA,rare
3241396,22,NA,rare
2380245,22,NA,rare
2374383,22,NA,rare
2381861,22,NA,rare
5210089,22,NA,rare
2388085,21,NA,rare
10105256,21,NA,rare
2347037,21,NA,rare
2350792,21,NA,rare
2405792,21,NA,rare
2345940,21,NA,rare
8036617,21,NA,rare
2397540,21,NA,rare
2406285,21,NA,rare
2415381,21,NA,rare
2415380,21,NA,rare
2368900,21,NA,rare
5215429,21,NA,rare
2384370,21,NA,rare
5853528,21,NA,rare
2383918,21,NA,rare
2397843,21,NA,rare
2373980,21,NA,rare
2396787,21,NA,rare
2411470,20,NA,rare
2415347,20,NA,rare
2378279,20,NA,rare
2405247,20,NA,rare
2418002,20,NA,rare
2396575,20,NA,rare
2347461,20,NA,rare
2368648,20,NA,rare
2347378,20,NA,rare
2381541,20,NA,rare
5209115,20,NA,rare
5203049,20,NA,rare
2417553,20,NA,rare
5209971,20,NA,rare
2375023,20,NA,rare
5201245,20,NA,rare
2409928,20,NA,rare
2412980,20,NA,rare
2391355,20,NA,rare
5212069,19,NA,rare
5209723,19,NA,rare
2347199,19,NA,rare
5210545,19,NA,rare
2388841,19,NA,rare
2406241,19,NA,rare
2403955,19,NA,rare
2388695,19,NA,rare
2401536,19,NA,rare
2417265,19,NA,rare
12121968,19,NA,rare
2336907,19,NA,rare
2405407,19,NA,rare
2397257,19,NA,rare
5210314,19,NA,rare
2398316,19,NA,rare
7193009,19,NA,rare
2369578,19,NA,rare
2399150,19,NA,rare
2334617,19,NA,rare
2396826,19,NA,rare
2387816,18,NA,rare
2405809,18,NA,rare
2374772,18,NA,rare
5203360,18,NA,rare
2374086,18,NA,rare
2410753,18,NA,rare
4839982,18,NA,rare
2384813,18,NA,rare
2347501,18,NA,rare
5210935,18,NA,rare
2378382,18,NA,rare
2334485,18,NA,rare
2395416,18,NA,rare
2412585,18,NA,rare
2356794,18,NA,rare
12290919,18,NA,rare
2401692,17,NA,rare
2378826,17,NA,rare
2345665,17,NA,rare
5216423,17,NA,rare
2332745,17,NA,rare
9365562,17,NA,rare
2375839,17,NA,rare
2410087,17,NA,rare
9548142,17,NA,rare
2404489,17,NA,rare
5209111,17,NA,rare
5209116,17,NA,rare
2397769,17,NA,rare
2345423,17,NA,rare
2416728,17,NA,rare
2408698,17,NA,rare
2387598,17,NA,rare
2390192,17,NA,rare
2410800,17,NA,rare
2405672,17,NA,rare
12355741,17,NA,rare
2417026,17,NA,rare
2390604,16,NA,rare
2347588,16,NA,rare
2407375,16,NA,rare
2406942,16,NA,rare
2417864,16,NA,rare
2388857,16,NA,rare
5213358,16,NA,rare
2356688,16,NA,rare
2388181,16,NA,rare
9093613,16,NA,rare
2396910,16,NA,rare
2374625,16,NA,rare
2368686,16,NA,rare
2381293,16,NA,rare
4284320,16,NA,rare
2401537,16,NA,rare
2403703,16,NA,rare
5211046,16,NA,rare
2374389,16,NA,rare
2409126,16,NA,rare
2336611,16,NA,rare
2346487,16,NA,rare
2356848,16,NA,rare
2383415,16,NA,rare
2404132,16,NA,rare
5211565,15,NA,rare
2347450,15,NA,rare
5207927,15,NA,rare
2388167,15,NA,rare
2417087,15,NA,rare
5210442,15,NA,rare
2405640,15,NA,rare
2374914,15,NA,rare
2347480,15,NA,rare
2410373,15,NA,rare
2357018,15,NA,rare
2357054,15,NA,rare
2377978,15,NA,rare
2334490,15,NA,rare
12015469,15,NA,rare
2393274,15,NA,rare
2387600,15,NA,rare
5212687,15,NA,rare
2419231,14,NA,rare
5214391,14,NA,rare
2406178,14,NA,rare
5213096,14,NA,rare
2408475,14,NA,rare
2388151,14,NA,rare
2385135,14,NA,rare
2333640,14,NA,rare
2420875,14,NA,rare
2407780,14,NA,rare
2389870,14,NA,rare
2407925,14,NA,rare
2351975,14,NA,rare
2380230,14,NA,rare
2393765,14,NA,rare
5211950,14,NA,rare
12078762,14,NA,rare
2402847,14,NA,rare
2402855,14,NA,rare
2396802,14,NA,rare
2403225,13,NA,rare
2401351,13,NA,rare
2389741,13,NA,rare
2345670,13,NA,rare
2386826,13,NA,rare
2407658,13,NA,rare
2388106,13,NA,rare
5209918,13,NA,rare
2415192,13,NA,rare
2404121,13,NA,rare
5215669,13,NA,rare
2394428,13,NA,rare
2376257,13,NA,rare
2374922,13,NA,rare
5212706,13,NA,rare
2397244,13,NA,rare
2382662,13,NA,rare
4836763,13,NA,rare
5215779,13,NA,rare
2380075,13,NA,rare
2374273,13,NA,rare
2401159,13,NA,rare
9541376,13,NA,rare
2400533,13,NA,rare
2347042,12,NA,rare
2347059,12,NA,rare
2381269,12,NA,rare
2347213,12,NA,rare
2417307,12,NA,rare
2387153,12,NA,rare
2385700,12,NA,rare
2403789,12,NA,rare
2368877,12,NA,rare
2383682,12,NA,rare
2410645,12,NA,rare
2334841,12,NA,rare
5212927,12,NA,rare
5211538,12,NA,rare
2398084,12,NA,rare
2334638,12,NA,rare
2390185,12,NA,rare
5212665,12,NA,rare
2378728,12,NA,rare
5214436,12,NA,rare
2401325,11,NA,rare
2375637,11,NA,rare
2379367,11,NA,rare
2379382,11,NA,rare
5214853,11,NA,rare
2401397,11,NA,rare
5212232,11,NA,rare
2384392,11,NA,rare
2419543,11,NA,rare
5209948,11,NA,rare
2404811,11,NA,rare
2413997,11,NA,rare
2401641,11,NA,rare
5208590,11,NA,rare
2392073,11,NA,rare
2403745,11,NA,rare
2404012,11,NA,rare
2347368,11,NA,rare
2405760,11,NA,rare
2397471,11,NA,rare
5962027,11,NA,rare
7193008,11,NA,rare
2384310,11,NA,rare
2394654,11,NA,rare
2369540,11,NA,rare
2356728,11,NA,rare
2374161,11,NA,rare
2403665,11,NA,rare
2416031,11,NA,rare
5216349,11,NA,rare
2335648,11,NA,rare
2386660,11,NA,rare
2377338,11,NA,rare
7826067,10,NA,rare
5213839,10,NA,rare
2406187,10,NA,rare
2336883,10,NA,rare
5208806,10,NA,rare
8308676,10,NA,rare
2404000,10,NA,rare
2403885,10,NA,rare
2403841,10,NA,rare
2368689,10,NA,rare
2402821,10,NA,rare
2383387,10,NA,rare
2374840,10,NA,rare
2405554,10,NA,rare
2385209,10,NA,rare
2407819,10,NA,rare
2357022,10,NA,rare
5209101,10,NA,rare
2401039,10,NA,rare
2397226,10,NA,rare
2377999,10,NA,rare
2378092,10,NA,rare
2392523,10,NA,rare
2382643,10,NA,rare
2375043,10,NA,rare
2387596,10,NA,rare
2369536,10,NA,rare
2405037,10,NA,rare
2401551,9,NA,rare
5203167,9,NA,rare
2377018,9,NA,rare
2395937,9,NA,rare
5209715,9,NA,rare
5209690,9,NA,rare
2407067,9,NA,rare
2390799,9,NA,rare
5215164,9,NA,rare
2381926,9,NA,rare
2406218,9,NA,rare
2395053,9,NA,rare
5208812,9,NA,rare
2403958,9,NA,rare
2374618,9,NA,rare
5215903,9,NA,rare
2388688,9,NA,rare
4285272,9,NA,rare
2382650,9,NA,rare
2397743,9,NA,rare
2356812,9,NA,rare
2393750,9,NA,rare
2345855,9,NA,rare
2420900,9,NA,rare
2405598,9,NA,rare
2407271,9,NA,rare
5213390,9,NA,rare
2405292,8,NA,rare
2403232,8,NA,rare
2408529,8,NA,rare
2405787,8,NA,rare
5213855,8,NA,rare
2375632,8,NA,rare
5203076,8,NA,rare
2396499,8,NA,rare
2396927,8,NA,rare
2401409,8,NA,rare
2401406,8,NA,rare
5211122,8,NA,rare
5211137,8,NA,rare
2383012,8,NA,rare
2410757,8,NA,rare
5209048,8,NA,rare
2347454,8,NA,rare
2346114,8,NA,rare
2394706,8,NA,rare
5212598,8,NA,rare
5208588,8,NA,rare
2403866,8,NA,rare
2403976,8,NA,rare
2332837,8,NA,rare
2417435,8,NA,rare
5216258,8,NA,rare
2383383,8,NA,rare
2346886,8,NA,rare
2401480,8,NA,rare
2347168,8,NA,rare
2419188,8,NA,rare
2400912,8,NA,rare
5204756,8,NA,rare
2337294,8,NA,rare
5212928,8,NA,rare
2335758,8,NA,rare
5204776,8,NA,rare
2347127,8,NA,rare
2403481,8,NA,rare
2368600,8,NA,rare
2368598,8,NA,rare
2404649,8,NA,rare
5208094,8,NA,rare
2381870,8,NA,rare
2381669,8,NA,rare
2375292,8,NA,rare
2393671,8,NA,rare
4284347,8,NA,rare
2390296,8,NA,rare
2390257,8,NA,rare
2395122,8,NA,rare
8588767,8,NA,rare
2406930,7,NA,rare
5212089,7,NA,rare
2410214,7,NA,rare
2378138,7,NA,rare
2377057,7,NA,rare
2410975,7,NA,rare
5209719,7,NA,rare
2405803,7,NA,rare
2389714,7,NA,rare
2393855,7,NA,rare
2418172,7,NA,rare
2392163,7,NA,rare
5208007,7,NA,rare
2383873,7,NA,rare
2401075,7,NA,rare
5215231,7,NA,rare
2333121,7,NA,rare
9483055,7,NA,rare
2406245,7,NA,rare
2406269,7,NA,rare
2347477,7,NA,rare
4286276,7,NA,rare
2384068,7,NA,rare
2414962,7,NA,rare
2379328,7,NA,rare
2385640,7,NA,rare
5215414,7,NA,rare
2405919,7,NA,rare
2404455,7,NA,rare
5204751,7,NA,rare
4286140,7,NA,rare
2397615,7,NA,rare
2387611,7,NA,rare
2346993,7,NA,rare
2346858,7,NA,rare
2404270,7,NA,rare
2391351,7,NA,rare
2407037,7,NA,rare
2346062,6,NA,rare
5211033,6,NA,rare
2407364,6,NA,rare
2378761,6,NA,rare
2396551,6,NA,rare
2381960,6,NA,rare
5215185,6,NA,rare
2347456,6,NA,rare
2333605,6,NA,rare
9285041,6,NA,rare
5213104,6,NA,rare
2395518,6,NA,rare
4286047,6,NA,rare
2376185,6,NA,rare
2376156,6,NA,rare
5208807,6,NA,rare
2404380,6,NA,rare
2403859,6,NA,rare
2413096,6,NA,rare
2346007,6,NA,rare
2394474,6,NA,rare
2333169,6,NA,rare
2404510,6,NA,rare
2417919,6,NA,rare
2405529,6,NA,rare
2414827,6,NA,rare
2346524,6,NA,rare
4840681,6,NA,rare
2408396,6,NA,rare
2378095,6,NA,rare
2410699,6,NA,rare
2385827,6,NA,rare
2408966,6,NA,rare
2401051,6,NA,rare
5201235,6,NA,rare
2394248,6,NA,rare
2395023,6,NA,rare
5208052,6,NA,rare
5213566,6,NA,rare
11954282,5,NA,rare
5213268,5,NA,rare
2420813,5,NA,rare
2375106,5,NA,rare
2404363,5,NA,rare
5211698,5,NA,rare
2396938,5,NA,rare
9325145,5,NA,rare
2405812,5,NA,rare
2332994,5,NA,rare
2405400,5,NA,rare
2332776,5,NA,rare
2388186,5,NA,rare
2369567,5,NA,rare
2346478,5,NA,rare
2368663,5,NA,rare
4286588,5,NA,rare
2377183,5,NA,rare
2387970,5,NA,rare
2332848,5,NA,rare
2374898,5,NA,rare
2387894,5,NA,rare
2405835,5,NA,rare
2384936,5,NA,rare
2405895,5,NA,rare
2415357,5,NA,rare
2377312,5,NA,rare
8161868,5,NA,rare
5788261,5,NA,rare
9650915,5,NA,rare
2406817,5,NA,rare
2387675,5,NA,rare
2375253,5,NA,rare
2418938,5,NA,rare
2391876,5,NA,rare
2346861,5,NA,rare
2384302,5,NA,rare
2369561,5,NA,rare
2408172,5,NA,rare
2382430,5,NA,rare
5210694,5,NA,rare
2333026,5,NA,rare
2396762,5,NA,rare
2383451,5,NA,rare
2407041,5,NA,rare
2373913,4,NA,rare
2378809,4,NA,rare
2347062,4,NA,rare
2356622,4,NA,rare
2346169,4,NA,rare
2379342,4,NA,rare
2417988,4,NA,rare
5208001,4,NA,rare
5207990,4,NA,rare
5212205,4,NA,rare
2399211,4,NA,rare
2410756,4,NA,rare
2347446,4,NA,rare
5207932,4,NA,rare
2406268,4,NA,rare
2406262,4,NA,rare
5209946,4,NA,rare
2397760,4,NA,rare
2383395,4,NA,rare
2336884,4,NA,rare
2392955,4,NA,rare
2397443,4,NA,rare
2396474,4,NA,rare
2396456,4,NA,rare
5208801,4,NA,rare
2420569,4,NA,rare
6169832,4,NA,rare
2405450,4,NA,rare
2414305,4,NA,rare
2414771,4,NA,rare
5210035,4,NA,rare
9591275,4,NA,rare
2346944,4,NA,rare
2410700,4,NA,rare
2382755,4,NA,rare
10763875,4,NA,rare
2356971,4,NA,rare
2375657,4,NA,rare
2398390,4,NA,rare
2378473,4,NA,rare
2387579,4,NA,rare
8978631,4,NA,rare
2375278,4,NA,rare
2401424,4,NA,rare
2401423,4,NA,rare
2356718,4,NA,rare
2356760,4,NA,rare
2356775,4,NA,rare
2393729,4,NA,rare
2393638,4,NA,rare
5201239,4,NA,rare
11181776,4,NA,rare
2398793,4,NA,rare
2347556,4,NA,rare
2418369,4,NA,rare
2378746,4,NA,rare
2379526,3,NA,rare
2400588,3,NA,rare
2420809,3,NA,rare
5211845,3,NA,rare
7193075,3,NA,rare
2396941,3,NA,rare
2347040,3,NA,rare
5209657,3,NA,rare
5208084,3,NA,rare
7931988,3,NA,rare
2405235,3,NA,rare
2393870,3,NA,rare
2406996,3,NA,rare
2415232,3,NA,rare
2414721,3,NA,rare
2385374,3,NA,rare
2385514,3,NA,rare
2397519,3,NA,rare
5212229,3,NA,rare
5212178,3,NA,rare
5212195,3,NA,rare
2375089,3,NA,rare
2379620,3,NA,rare
2384390,3,NA,rare
2391036,3,NA,rare
2400476,3,NA,rare
2406331,3,NA,rare
2406234,3,NA,rare
2394707,3,NA,rare
2405943,3,NA,rare
2388335,3,NA,rare
2421027,3,NA,rare
5212605,3,NA,rare
2415173,3,NA,rare
2401650,3,NA,rare
5208817,3,NA,rare
2383023,3,NA,rare
2406419,3,NA,rare
2392082,3,NA,rare
2404019,3,NA,rare
2408314,3,NA,rare
2408313,3,NA,rare
2405957,3,NA,rare
2398762,3,NA,rare
2374879,3,NA,rare
2386014,3,NA,rare
2388662,3,NA,rare
2388663,3,NA,rare
8298314,3,NA,rare
2404835,3,NA,rare
10949427,3,NA,rare
5209118,3,NA,rare
5204759,3,NA,rare
2375203,3,NA,rare
2385757,3,NA,rare
12096885,3,NA,rare
2398313,3,NA,rare
2387673,3,NA,rare
2385784,3,NA,rare
2334440,3,NA,rare
11745366,3,NA,rare
2419426,3,NA,rare
2356744,3,NA,rare
2393766,3,NA,rare
2401458,3,NA,rare
2334362,3,NA,rare
2334739,3,NA,rare
5201241,3,NA,rare
5216342,3,NA,rare
2407581,3,NA,rare
2347141,3,NA,rare
2378579,3,NA,rare
5214389,2,NA,rare
2378800,2,NA,rare
2413220,2,NA,rare
5212111,2,NA,rare
5214788,2,NA,rare
7193716,2,NA,rare
2389393,2,NA,rare
2387424,2,NA,rare
2387423,2,NA,rare
2347575,2,NA,rare
5212437,2,NA,rare
2408515,2,NA,rare
2407418,2,NA,rare
9039648,2,NA,rare
2347013,2,NA,rare
2357112,2,NA,rare
2403388,2,NA,rare
2410956,2,NA,rare
2420362,2,NA,rare
2405797,2,NA,rare
2389888,2,NA,rare
2415118,2,NA,rare
2396483,2,NA,rare
2388858,2,NA,rare
2388884,2,NA,rare
2392774,2,NA,rare
2385332,2,NA,rare
2385550,2,NA,rare
2415205,2,NA,rare
2383315,2,NA,rare
5207938,2,NA,rare
5207968,2,NA,rare
5207975,2,NA,rare
5211135,2,NA,rare
5212287,2,NA,rare
7909495,2,NA,rare
2395829,2,NA,rare
2333138,2,NA,rare
2401010,2,NA,rare
2379637,2,NA,rare
2379162,2,NA,rare
2381899,2,NA,rare
2347458,2,NA,rare
5207920,2,NA,rare
2406184,2,NA,rare
5213375,2,NA,rare
10772555,2,NA,rare
5212921,2,NA,rare
2396077,2,NA,rare
2404187,2,NA,rare
2413774,2,NA,rare
2388141,2,NA,rare
2376143,2,NA,rare
4286327,2,NA,rare
2405658,2,NA,rare
2403991,2,NA,rare
2404061,2,NA,rare
2403787,2,NA,rare
2404022,2,NA,rare
2403987,2,NA,rare
2403768,2,NA,rare
2384250,2,NA,rare
8324168,2,NA,rare
5201134,2,NA,rare
2345838,2,NA,rare
2335088,2,NA,rare
2357121,2,NA,rare
2411899,2,NA,rare
5211286,2,NA,rare
2405998,2,NA,rare
2400462,2,NA,rare
5214333,2,NA,rare
2401486,2,NA,rare
2397867,2,NA,rare
2419221,2,NA,rare
2419179,2,NA,rare
2403010,2,NA,rare
2404572,2,NA,rare
2397631,2,NA,rare
2419600,2,NA,rare
2405406,2,NA,rare
2389074,2,NA,rare
2376818,2,NA,rare
2409791,2,NA,rare
2334494,2,NA,rare
2374385,2,NA,rare
7578021,2,NA,rare
2406806,2,NA,rare
2395434,2,NA,rare
2333360,2,NA,rare
2411056,2,NA,rare
2347521,2,NA,rare
7193007,2,NA,rare
2418748,2,NA,rare
2400584,2,NA,rare
2407225,2,NA,rare
2412864,2,NA,rare
2356792,2,NA,rare
2393629,2,NA,rare
2334388,2,NA,rare
2334718,2,NA,rare
2381258,2,NA,rare
2403675,2,NA,rare
2421161,2,NA,rare
2394245,2,NA,rare
2384290,2,NA,rare
5208058,2,NA,rare
5209331,2,NA,rare
2378941,2,NA,rare
2401179,2,NA,rare
2378584,2,NA,rare
7193056,2,NA,rare
2415247,2,NA,rare
2397557,2,NA,rare
2397567,2,NA,rare
2407218,1,NA,rare
12160489,1,NA,rare
2345632,1,NA,rare
5209257,1,NA,rare
5209231,1,NA,rare
2346077,1,NA,rare
2398513,1,NA,rare
2378284,1,NA,rare
2401111,1,NA,rare
2389391,1,NA,rare
5211580,1,NA,rare
2347596,1,NA,rare
5212447,1,NA,rare
2408521,1,NA,rare
2410147,1,NA,rare
2389377,1,NA,rare
2408591,1,NA,rare
2347066,1,NA,rare
6135571,1,NA,rare
2410715,1,NA,rare
2407118,1,NA,rare
5203171,1,NA,rare
2377096,1,NA,rare
2401366,1,NA,rare
2401419,1,NA,rare
9363791,1,NA,rare
5214349,1,NA,rare
2389338,1,NA,rare
2347210,1,NA,rare
2405067,1,NA,rare
2378764,1,NA,rare
2378765,1,NA,rare
2386297,1,NA,rare
2407681,1,NA,rare
12372300,1,NA,rare
2390842,1,NA,rare
2392038,1,NA,rare
2405828,1,NA,rare
2396544,1,NA,rare
5214852,1,NA,rare
2385356,1,NA,rare
2385444,1,NA,rare
2392172,1,NA,rare
5207957,1,NA,rare
5207948,1,NA,rare
5211129,1,NA,rare
2383007,1,NA,rare
2382978,1,NA,rare
5212134,1,NA,rare
5212263,1,NA,rare
2395840,1,NA,rare
8351946,1,NA,rare
2403529,1,NA,rare
2408323,1,NA,rare
2377283,1,NA,rare
2347468,1,NA,rare
2351663,1,NA,rare
2346286,1,NA,rare
2396019,1,NA,rare
5203146,1,NA,rare
2414031,1,NA,rare
2383811,1,NA,rare
2395057,1,NA,rare
2390466,1,NA,rare
11205527,1,NA,rare
2385139,1,NA,rare
2400561,1,NA,rare
5203305,1,NA,rare
7193152,1,NA,rare
2376187,1,NA,rare
2368659,1,NA,rare
2397429,1,NA,rare
2397446,1,NA,rare
2369411,1,NA,rare
2403297,1,NA,rare
2403892,1,NA,rare
2351681,1,NA,rare
2384082,1,NA,rare
9541869,1,NA,rare
2401669,1,NA,rare
2384447,1,NA,rare
5203187,1,NA,rare
2390928,1,NA,rare
4286713,1,NA,rare
2405632,1,NA,rare
2374860,1,NA,rare
2374884,1,NA,rare
2381805,1,NA,rare
2381802,1,NA,rare
2384847,1,NA,rare
2384863,1,NA,rare
2411047,1,NA,rare
2410362,1,NA,rare
2347160,1,NA,rare
2347170,1,NA,rare
5214195,1,NA,rare
2419184,1,NA,rare
2418314,1,NA,rare
2389013,1,NA,rare
2405893,1,NA,rare
2397461,1,NA,rare
2416922,1,NA,rare
2416893,1,NA,rare
2381828,1,NA,rare
2396153,1,NA,rare
6166384,1,NA,rare
2391786,1,NA,rare
7409918,1,NA,rare
4286186,1,NA,rare
2378000,1,NA,rare
2384711,1,NA,rare
2383916,1,NA,rare
5208730,1,NA,rare
5210018,1,NA,rare
2399355,1,NA,rare
9250702,1,NA,rare
2382618,1,NA,rare
2388034,1,NA,rare
2375649,1,NA,rare
2375645,1,NA,rare
2405510,1,NA,rare
2398277,1,NA,rare
2334691,1,NA,rare
2378495,1,NA,rare
2397616,1,NA,rare
2384331,1,NA,rare
2385800,1,NA,rare
2374738,1,NA,rare
2374744,1,NA,rare
2334433,1,NA,rare
2334454,1,NA,rare
2385218,1,NA,rare
2388096,1,NA,rare
2412593,1,NA,rare
2393666,1,NA,rare
7599552,1,NA,rare
2374268,1,NA,rare
2401058,1,NA,rare
2334379,1,NA,rare
2334387,1,NA,rare
2334410,1,NA,rare
2334732,1,NA,rare
2335355,1,NA,rare
2394212,1,NA,rare
5216341,1,NA,rare
9703170,1,NA,rare
2398870,1,NA,rare
2405772,1,NA,rare
2346880,1,NA,rare
2386640,1,NA,rare
5212652,1,NA,rare
7732184,1,NA,rare
2383889,1,NA,rare
7735575,1,NA,rare
2406652,1,NA,rare
2407274,1,NA,rare
2407287,1,NA,rare
2382436,1,NA,rare
2416007,1,NA,rare
5210503,1,NA,rare
5210844,1,NA,rare
2378608,1,NA,rare
2378559,1,NA,rare
2378588,1,NA,rare
2394375,1,NA,rare
2419383,1,NA,rare
2383453,1,NA,rare
5203153,1,NA,rare
2383709,1,NA,rare
12089965,0,NA,none
2398692,0,NA,none
2398643,0,NA,none
2398675,0,NA,none
2398699,0,NA,none
2398674,0,NA,none
2398703,0,NA,none
2398623,0,NA,none
2398625,0,NA,none
2398664,0,NA,none
2398672,0,NA,none
2379524,0,NA,none
2389764,0,NA,none
5209178,0,NA,none
5209156,0,NA,none
5209159,0,NA,none
5209152,0,NA,none
5209165,0,NA,none
5209183,0,NA,none
5209210,0,NA,none
5209236,0,NA,none
5209251,0,NA,none
5209157,0,NA,none
5209206,0,NA,none
2376413,0,NA,none
2375811,0,NA,none
2332977,0,NA,none
2361438,0,NA,none
4287131,0,NA,none
2402192,0,NA,none
2402129,0,NA,none
2402193,0,NA,none
2402149,0,NA,none
2402151,0,NA,none
2406927,0,NA,none
2403104,0,NA,none
10779501,0,NA,none
5215154,0,NA,none
5204109,0,NA,none
5853935,0,NA,none
2360305,0,NA,none
2362925,0,NA,none
5213261,0,NA,none
5213266,0,NA,none
5214412,0,NA,none
5214401,0,NA,none
5214405,0,NA,none
5214411,0,NA,none
2415342,0,NA,none
2412708,0,NA,none
2412681,0,NA,none
2412619,0,NA,none
2412699,0,NA,none
2412740,0,NA,none
2412661,0,NA,none
2395620,0,NA,none
8323286,0,NA,none
9717147,0,NA,none
2398179,0,NA,none
8633921,0,NA,none
2385743,0,NA,none
2375111,0,NA,none
2378840,0,NA,none
2378820,0,NA,none
2378838,0,NA,none
2378836,0,NA,none
2378822,0,NA,none
2398510,0,NA,none
2398502,0,NA,none
2398511,0,NA,none
2420437,0,NA,none
2420452,0,NA,none
2420446,0,NA,none
7386345,0,NA,none
2383881,0,NA,none
5212075,0,NA,none
5212077,0,NA,none
5212054,0,NA,none
5212114,0,NA,none
5212076,0,NA,none
5212055,0,NA,none
5212120,0,NA,none
5212094,0,NA,none
5212118,0,NA,none
2383461,0,NA,none
2413913,0,NA,none
2395443,0,NA,none
5204701,0,NA,none
2356649,0,NA,none
2414503,0,NA,none
2389686,0,NA,none
2389695,0,NA,none
2417122,0,NA,none
10823765,0,NA,none
2389390,0,NA,none
2394715,0,NA,none
5211639,0,NA,none
5211737,0,NA,none
5211582,0,NA,none
5211640,0,NA,none
5211748,0,NA,none
5211638,0,NA,none
5211666,0,NA,none
5211713,0,NA,none
2396568,0,NA,none
2396571,0,NA,none
2418452,0,NA,none
7502693,0,NA,none
2405288,0,NA,none
2405278,0,NA,none
2415882,0,NA,none
9767756,0,NA,none
5211031,0,NA,none
2399410,0,NA,none
2399409,0,NA,none
2399415,0,NA,none
2399405,0,NA,none
2403244,0,NA,none
2403175,0,NA,none
5203195,0,NA,none
5203192,0,NA,none
5203190,0,NA,none
2408533,0,NA,none
2407403,0,NA,none
2410217,0,NA,none
2410156,0,NA,none
2410198,0,NA,none
2371403,0,NA,none
2378144,0,NA,none
2347011,0,NA,none
2347027,0,NA,none
2347018,0,NA,none
2347044,0,NA,none
2351703,0,NA,none
5204666,0,NA,none
2418649,0,NA,none
7999925,0,NA,none
2332595,0,NA,none
5213060,0,NA,none
2407121,0,NA,none
2407103,0,NA,none
2367024,0,NA,none
2345889,0,NA,none
5203155,0,NA,none
2403345,0,NA,none
2416423,0,NA,none
2416415,0,NA,none
2377031,0,NA,none
2377070,0,NA,none
5853134,0,NA,none
2377093,0,NA,none
2377022,0,NA,none
2410954,0,NA,none
2410982,0,NA,none
2410970,0,NA,none
2401337,0,NA,none
2410636,0,NA,none
2401368,0,NA,none
2420387,0,NA,none
2420280,0,NA,none
2420357,0,NA,none
2420344,0,NA,none
2420290,0,NA,none
5216175,0,NA,none
2420311,0,NA,none
2420294,0,NA,none
2420293,0,NA,none
2420326,0,NA,none
2420373,0,NA,none
2420305,0,NA,none
2420385,0,NA,none
2393108,0,NA,none
5214345,0,NA,none
5214342,0,NA,none
5214339,0,NA,none
2401329,0,NA,none
2403459,0,NA,none
2335288,0,NA,none
2335291,0,NA,none
2335290,0,NA,none
2335591,0,NA,none
5961674,0,NA,none
2406069,0,NA,none
2406082,0,NA,none
5214830,0,NA,none
2395950,0,NA,none
5209716,0,NA,none
5209695,0,NA,none
5209683,0,NA,none
5209691,0,NA,none
5209656,0,NA,none
2405817,0,NA,none
2347203,0,NA,none
2347219,0,NA,none
2347200,0,NA,none
2337161,0,NA,none
10552136,0,NA,none
2405066,0,NA,none
2405069,0,NA,none
5208088,0,NA,none
2389910,0,NA,none
2389891,0,NA,none
2389902,0,NA,none
2417324,0,NA,none
5214548,0,NA,none
5214546,0,NA,none
5214545,0,NA,none
5214544,0,NA,none
2346159,0,NA,none
2345684,0,NA,none
2375629,0,NA,none
2371602,0,NA,none
2332797,0,NA,none
2374777,0,NA,none
2374775,0,NA,none
2384677,0,NA,none
2386933,0,NA,none
4286103,0,NA,none
2386819,0,NA,none
2386767,0,NA,none
2386870,0,NA,none
2386894,0,NA,none
2379357,0,NA,none
2379340,0,NA,none
2417405,0,NA,none
2406947,0,NA,none
2406961,0,NA,none
2407087,0,NA,none
2407696,0,NA,none
2407656,0,NA,none
2407737,0,NA,none
2407649,0,NA,none
2407665,0,NA,none
11200477,0,NA,none
2390813,0,NA,none
2390762,0,NA,none
2390778,0,NA,none
2390847,0,NA,none
5203081,0,NA,none
5712012,0,NA,none
2418144,0,NA,none
2417964,0,NA,none
2418038,0,NA,none
2418059,0,NA,none
2418162,0,NA,none
2418196,0,NA,none
2392040,0,NA,none
2346319,0,NA,none
2415234,0,NA,none
2405820,0,NA,none
5216427,0,NA,none
5216421,0,NA,none
2396533,0,NA,none
2396546,0,NA,none
2396524,0,NA,none
2396519,0,NA,none
6168819,0,NA,none
2396526,0,NA,none
2396502,0,NA,none
2396517,0,NA,none
2396553,0,NA,none
2421020,0,NA,none
2388948,0,NA,none
2388820,0,NA,none
2388849,0,NA,none
2379511,0,NA,none
2406036,0,NA,none
2396926,0,NA,none
2351664,0,NA,none
2351675,0,NA,none
2394320,0,NA,none
2394322,0,NA,none
2385518,0,NA,none
2385577,0,NA,none
2385336,0,NA,none
2385553,0,NA,none
2385355,0,NA,none
2385419,0,NA,none
2385538,0,NA,none
2385499,0,NA,none
2385496,0,NA,none
2385385,0,NA,none
2385551,0,NA,none
2385351,0,NA,none
2385543,0,NA,none
2385503,0,NA,none
2385446,0,NA,none
2385404,0,NA,none
2385470,0,NA,none
2385540,0,NA,none
2385472,0,NA,none
2385406,0,NA,none
2385456,0,NA,none
2385360,0,NA,none
2386016,0,NA,none
2404367,0,NA,none
2408373,0,NA,none
7870230,0,NA,none
2383316,0,NA,none
2370358,0,NA,none
2392166,0,NA,none
2392116,0,NA,none
5207960,0,NA,none
5207980,0,NA,none
5207993,0,NA,none
5208010,0,NA,none
5207989,0,NA,none
5207984,0,NA,none
5207955,0,NA,none
5207944,0,NA,none
5212522,0,NA,none
2336794,0,NA,none
2336745,0,NA,none
2336534,0,NA,none
2336774,0,NA,none
2336783,0,NA,none
9401985,0,NA,none
9420882,0,NA,none
5961758,0,NA,none
2394676,0,NA,none
2394680,0,NA,none
2406491,0,NA,none
2406494,0,NA,none
4284297,0,NA,none
2405418,0,NA,none
2370852,0,NA,none
2417343,0,NA,none
5842821,0,NA,none
10693653,0,NA,none
2402916,0,NA,none
2401388,0,NA,none
2391079,0,NA,none
5211126,0,NA,none
5211128,0,NA,none
5211141,0,NA,none
5211120,0,NA,none
5211133,0,NA,none
2382969,0,NA,none
2382952,0,NA,none
4840429,0,NA,none
2382979,0,NA,none
2332740,0,NA,none
2360551,0,NA,none
2360575,0,NA,none
5212280,0,NA,none
5212191,0,NA,none
5212267,0,NA,none
5212215,0,NA,none
5212180,0,NA,none
5212207,0,NA,none
11126888,0,NA,none
9724320,0,NA,none
5212174,0,NA,none
5212257,0,NA,none
5212164,0,NA,none
9913700,0,NA,none
5212274,0,NA,none
9026814,0,NA,none
2399311,0,NA,none
2399335,0,NA,none
2399273,0,NA,none
2392438,0,NA,none
2371842,0,NA,none
2383829,0,NA,none
2383827,0,NA,none
2383828,0,NA,none
2383821,0,NA,none
2383842,0,NA,none
2405138,0,NA,none
2375152,0,NA,none
2395854,0,NA,none
2395856,0,NA,none
2395857,0,NA,none
2395860,0,NA,none
2395815,0,NA,none
2395811,0,NA,none
2395827,0,NA,none
2395833,0,NA,none
2396002,0,NA,none
4284072,0,NA,none
2401077,0,NA,none
2416251,0,NA,none
2409253,0,NA,none
2404429,0,NA,none
2369264,0,NA,none
2369261,0,NA,none
2334860,0,NA,none
2334857,0,NA,none
2403536,0,NA,none
2403535,0,NA,none
2410772,0,NA,none
2410762,0,NA,none
2373844,0,NA,none
2373829,0,NA,none
2373860,0,NA,none
2373837,0,NA,none
5209816,0,NA,none
5209780,0,NA,none
5209801,0,NA,none
9797376,0,NA,none
5215201,0,NA,none
5215219,0,NA,none
5215224,0,NA,none
5215212,0,NA,none
5215251,0,NA,none
5215307,0,NA,none
5215191,0,NA,none
5215159,0,NA,none
5215226,0,NA,none
5215270,0,NA,none
5215150,0,NA,none
9032602,0,NA,none
5215244,0,NA,none
2377816,0,NA,none
2377835,0,NA,none
2335274,0,NA,none
2335280,0,NA,none
2334890,0,NA,none
2334884,0,NA,none
2334066,0,NA,none
2334078,0,NA,none
2334177,0,NA,none
2334131,0,NA,none
2334123,0,NA,none
2334137,0,NA,none
2334185,0,NA,none
2334156,0,NA,none
2334068,0,NA,none
7807208,0,NA,none
2334097,0,NA,none
2334082,0,NA,none
2334173,0,NA,none
2334088,0,NA,none
2334092,0,NA,none
2334081,0,NA,none
2334121,0,NA,none
2334183,0,NA,none
2334075,0,NA,none
2334201,0,NA,none
11197702,0,NA,none
2387415,0,NA,none
5209069,0,NA,none
5209037,0,NA,none
8384404,0,NA,none
2379625,0,NA,none
2379643,0,NA,none
2379635,0,NA,none
2375376,0,NA,none
2375361,0,NA,none
2381921,0,NA,none
2381913,0,NA,none
2370469,0,NA,none
2347453,0,NA,none
2347463,0,NA,none
7949609,0,NA,none
2409570,0,NA,none
2409631,0,NA,none
2409652,0,NA,none
9585682,0,NA,none
2409621,0,NA,none
2409771,0,NA,none
5207936,0,NA,none
5207918,0,NA,none
5207928,0,NA,none
5207935,0,NA,none
2333581,0,NA,none
2390091,0,NA,none
2410033,0,NA,none
5212038,0,NA,none
5212042,0,NA,none
5212050,0,NA,none
2419554,0,NA,none
2419498,0,NA,none
2405880,0,NA,none
11174747,0,NA,none
2405781,0,NA,none
11274254,0,NA,none
2391046,0,NA,none
2391041,0,NA,none
9150968,0,NA,none
5209743,0,NA,none
2334548,0,NA,none
2334545,0,NA,none
2392671,0,NA,none
2392658,0,NA,none
2392664,0,NA,none
8405707,0,NA,none
2368988,0,NA,none
5209593,0,NA,none
5209592,0,NA,none
2346127,0,NA,none
2346126,0,NA,none
5961671,0,NA,none
2406322,0,NA,none
2406237,0,NA,none
2406284,0,NA,none
2406307,0,NA,none
2406195,0,NA,none
2406202,0,NA,none
2406192,0,NA,none
2406190,0,NA,none
2406291,0,NA,none
2406240,0,NA,none
9491873,0,NA,none
2346047,0,NA,none
2369877,0,NA,none
2369866,0,NA,none
2369863,0,NA,none
2406027,0,NA,none
2346091,0,NA,none
5210961,0,NA,none
2347473,0,NA,none
2371577,0,NA,none
2420233,0,NA,none
2420234,0,NA,none
2419788,0,NA,none
2420215,0,NA,none
2420164,0,NA,none
7589509,0,NA,none
2420230,0,NA,none
2420167,0,NA,none
2419793,0,NA,none
2420247,0,NA,none
2420174,0,NA,none
2420245,0,NA,none
2420193,0,NA,none
2356689,0,NA,none
2378725,0,NA,none
2410945,0,NA,none
2411172,0,NA,none
2411173,0,NA,none
2414746,0,NA,none
2414750,0,NA,none
2414745,0,NA,none
2386401,0,NA,none
2376762,0,NA,none
2394708,0,NA,none
9889722,0,NA,none
2402829,0,NA,none
2404804,0,NA,none
2375299,0,NA,none
5213095,0,NA,none
5213093,0,NA,none
2396055,0,NA,none
2396030,0,NA,none
2396060,0,NA,none
2405929,0,NA,none
2386144,0,NA,none
2386106,0,NA,none
5203145,0,NA,none
5853977,0,NA,none
2390483,0,NA,none
2404197,0,NA,none
2404198,0,NA,none
2404189,0,NA,none
2404217,0,NA,none
2404222,0,NA,none
2395524,0,NA,none
2413765,0,NA,none
10442852,0,NA,none
2414003,0,NA,none
2414014,0,NA,none
2413991,0,NA,none
2408327,0,NA,none
2408413,0,NA,none
2408417,0,NA,none
9801269,0,NA,none
2392987,0,NA,none
2392934,0,NA,none
2392940,0,NA,none
2392961,0,NA,none
2392959,0,NA,none
8800790,0,NA,none
2392937,0,NA,none
2393012,0,NA,none
2392966,0,NA,none
2395647,0,NA,none
2395640,0,NA,none
2395643,0,NA,none
2395627,0,NA,none
2395029,0,NA,none
2388451,0,NA,none
2388385,0,NA,none
2388299,0,NA,none
2388227,0,NA,none
11142575,0,NA,none
2388431,0,NA,none
9195606,0,NA,none
2388503,0,NA,none
2388507,0,NA,none
2388195,0,NA,none
2388244,0,NA,none
8178089,0,NA,none
2388537,0,NA,none
2388326,0,NA,none
2397819,0,NA,none
2399849,0,NA,none
10821211,0,NA,none
2336969,0,NA,none
2390462,0,NA,none
2390463,0,NA,none
2385140,0,NA,none
8840603,0,NA,none
8574195,0,NA,none
11132814,0,NA,none
2421062,0,NA,none
2421026,0,NA,none
2421055,0,NA,none
2421028,0,NA,none
2421054,0,NA,none
2421071,0,NA,none
2421041,0,NA,none
2421038,0,NA,none
2421064,0,NA,none
5842868,0,NA,none
2413187,0,NA,none
5203355,0,NA,none
2351714,0,NA,none
5208565,0,NA,none
5208567,0,NA,none
2336597,0,NA,none
5212608,0,NA,none
2376210,0,NA,none
5962103,0,NA,none
5962096,0,NA,none
2379191,0,NA,none
2389424,0,NA,none
2392619,0,NA,none
2392621,0,NA,none
2375825,0,NA,none
2402987,0,NA,none
2402978,0,NA,none
2377675,0,NA,none
5200930,0,NA,none
2368643,0,NA,none
2386576,0,NA,none
2373239,0,NA,none
7193722,0,NA,none
2377834,0,NA,none
2417083,0,NA,none
2415769,0,NA,none
2415853,0,NA,none
2415827,0,NA,none
2415573,0,NA,none
2415583,0,NA,none
9723114,0,NA,none
2345638,0,NA,none
2345641,0,NA,none
2357086,0,NA,none
11739919,0,NA,none
2369385,0,NA,none
2369441,0,NA,none
2369425,0,NA,none
2369419,0,NA,none
2369386,0,NA,none
9596396,0,NA,none
2369430,0,NA,none
2415175,0,NA,none
2415182,0,NA,none
2415190,0,NA,none
2387814,0,NA,none
2360084,0,NA,none
2381239,0,NA,none
2381219,0,NA,none
2381231,0,NA,none
2381218,0,NA,none
2411213,0,NA,none
2378706,0,NA,none
2378717,0,NA,none
7469459,0,NA,none
2403303,0,NA,none
7845307,0,NA,none
5208800,0,NA,none
8164711,0,NA,none
8166054,0,NA,none
5208816,0,NA,none
5208819,0,NA,none
5208815,0,NA,none
2375711,0,NA,none
2377171,0,NA,none
5208832,0,NA,none
5208834,0,NA,none
5208826,0,NA,none
5203363,0,NA,none
2403051,0,NA,none
2403067,0,NA,none
2384667,0,NA,none
2387906,0,NA,none
2417134,0,NA,none
2396919,0,NA,none
2380932,0,NA,none
2406128,0,NA,none
2406132,0,NA,none
2403814,0,NA,none
2403869,0,NA,none
2403903,0,NA,none
2403813,0,NA,none
2404044,0,NA,none
2403748,0,NA,none
5961017,0,NA,none
2403871,0,NA,none
2403840,0,NA,none
2403891,0,NA,none
2403887,0,NA,none
2403816,0,NA,none
2403872,0,NA,none
2404062,0,NA,none
2403995,0,NA,none
11576832,0,NA,none
2403904,0,NA,none
2403862,0,NA,none
2404006,0,NA,none
2403936,0,NA,none
2404113,0,NA,none
2403922,0,NA,none
2351684,0,NA,none
2383302,0,NA,none
2384073,0,NA,none
2384125,0,NA,none
2384248,0,NA,none
2384258,0,NA,none
2384237,0,NA,none
5853038,0,NA,none
2384164,0,NA,none
2384234,0,NA,none
2415008,0,NA,none
2405469,0,NA,none
7964954,0,NA,none
2392881,0,NA,none
2392867,0,NA,none
2392898,0,NA,none
2392879,0,NA,none
2392855,0,NA,none
2335329,0,NA,none
2335338,0,NA,none
2368977,0,NA,none
2368950,0,NA,none
5961088,0,NA,none
2368963,0,NA,none
2368955,0,NA,none
9537673,0,NA,none
2368959,0,NA,none
2385643,0,NA,none
2370434,0,NA,none
2374644,0,NA,none
2374620,0,NA,none
2403151,0,NA,none
2415100,0,NA,none
2415109,0,NA,none
2415104,0,NA,none
5215904,0,NA,none
5215902,0,NA,none
5201036,0,NA,none
5201144,0,NA,none
5201050,0,NA,none
2393848,0,NA,none
2368680,0,NA,none
2368720,0,NA,none
2368701,0,NA,none
2402835,0,NA,none
2389064,0,NA,none
2411120,0,NA,none
2411122,0,NA,none
2411116,0,NA,none
2335075,0,NA,none
2335076,0,NA,none
2389854,0,NA,none
2389863,0,NA,none
2389862,0,NA,none
2357141,0,NA,none
2357148,0,NA,none
5211083,0,NA,none
12234949,0,NA,none
5211085,0,NA,none
5215471,0,NA,none
5215450,0,NA,none
5215460,0,NA,none
5215127,0,NA,none
5215134,0,NA,none
5215140,0,NA,none
9315241,0,NA,none
2398158,0,NA,none
2395705,0,NA,none
2395703,0,NA,none
2395697,0,NA,none
2411934,0,NA,none
2388786,0,NA,none
2368890,0,NA,none
2368849,0,NA,none
2368893,0,NA,none
5201208,0,NA,none
2346814,0,NA,none
10785269,0,NA,none
2398046,0,NA,none
2394445,0,NA,none
2405926,0,NA,none
5204678,0,NA,none
5204672,0,NA,none
2402819,0,NA,none
2383329,0,NA,none
2383351,0,NA,none
2383115,0,NA,none
2383344,0,NA,none
4285633,0,NA,none
2383086,0,NA,none
2383348,0,NA,none
2383326,0,NA,none
4285635,0,NA,none
2333632,0,NA,none
2334415,0,NA,none
2412051,0,NA,none
2412054,0,NA,none
2395233,0,NA,none
2395228,0,NA,none
2376225,0,NA,none
5211975,0,NA,none
2397204,0,NA,none
2397095,0,NA,none
4285895,0,NA,none
5211285,0,NA,none
5211283,0,NA,none
5211291,0,NA,none
5211289,0,NA,none
2405453,0,NA,none
4353598,0,NA,none
5208702,0,NA,none
5208679,0,NA,none
5208697,0,NA,none
2381329,0,NA,none
8173912,0,NA,none
2381297,0,NA,none
2381287,0,NA,none
2381322,0,NA,none
7901252,0,NA,none
2381296,0,NA,none
2403733,0,NA,none
2403734,0,NA,none
2381351,0,NA,none
2383734,0,NA,none
2383389,0,NA,none
2383388,0,NA,none
2383618,0,NA,none
2407756,0,NA,none
2407748,0,NA,none
2392516,0,NA,none
2405911,0,NA,none
5961102,0,NA,none
2405917,0,NA,none
2405997,0,NA,none
2405627,0,NA,none
10905887,0,NA,none
2405972,0,NA,none
2405630,0,NA,none
10984556,0,NA,none
2406003,0,NA,none
2405622,0,NA,none
2405645,0,NA,none
4286710,0,NA,none
2405620,0,NA,none
2405959,0,NA,none
2405991,0,NA,none
2405967,0,NA,none
2405970,0,NA,none
9756644,0,NA,none
10642676,0,NA,none
5215424,0,NA,none
5215421,0,NA,none
5215423,0,NA,none
5215431,0,NA,none
2405715,0,NA,none
5210263,0,NA,none
2409391,0,NA,none
2336671,0,NA,none
2336713,0,NA,none
2336680,0,NA,none
2336727,0,NA,none
2336685,0,NA,none
2336709,0,NA,none
2336703,0,NA,none
2336683,0,NA,none
2414753,0,NA,none
5214335,0,NA,none
5853867,0,NA,none
2346905,0,NA,none
2346892,0,NA,none
2372751,0,NA,none
2374867,0,NA,none
4409642,0,NA,none
4409643,0,NA,none
4409641,0,NA,none
5205792,0,NA,none
5205766,0,NA,none
7639231,0,NA,none
2410949,0,NA,none
2410951,0,NA,none
2414365,0,NA,none
2414368,0,NA,none
2387883,0,NA,none
2387854,0,NA,none
2387872,0,NA,none
2387884,0,NA,none
2387861,0,NA,none
2387874,0,NA,none
5201498,0,NA,none
5201484,0,NA,none
2336409,0,NA,none
2415082,0,NA,none
2376033,0,NA,none
5212554,0,NA,none
2417263,0,NA,none
2405834,0,NA,none
2349567,0,NA,none
2345577,0,NA,none
2384922,0,NA,none
2384951,0,NA,none
2384960,0,NA,none
2384855,0,NA,none
2385008,0,NA,none
2385124,0,NA,none
2385023,0,NA,none
2384968,0,NA,none
2384770,0,NA,none
2384812,0,NA,none
2384837,0,NA,none
9081458,0,NA,none
2380687,0,NA,none
2380654,0,NA,none
2380676,0,NA,none
2380613,0,NA,none
5209382,0,NA,none
5209454,0,NA,none
5209381,0,NA,none
5209448,0,NA,none
5209403,0,NA,none
5209406,0,NA,none
5209460,0,NA,none
5209445,0,NA,none
5209421,0,NA,none
5209411,0,NA,none
5209451,0,NA,none
5209464,0,NA,none
5209355,0,NA,none
5209455,0,NA,none
2380969,0,NA,none
2403447,0,NA,none
5212714,0,NA,none
2383665,0,NA,none
9197065,0,NA,none
2401584,0,NA,none
5215102,0,NA,none
2381540,0,NA,none
2414876,0,NA,none
2345834,0,NA,none
2411050,0,NA,none
2347503,0,NA,none
2347499,0,NA,none
5212905,0,NA,none
2381275,0,NA,none
10904416,0,NA,none
4286462,0,NA,none
2395886,0,NA,none
2410364,0,NA,none
2410357,0,NA,none
2410382,0,NA,none
2347158,0,NA,none
2333996,0,NA,none
2376660,0,NA,none
2415777,0,NA,none
2387678,0,NA,none
2419206,0,NA,none
2419182,0,NA,none
2419205,0,NA,none
2419218,0,NA,none
5214880,0,NA,none
2406877,0,NA,none
9067946,0,NA,none
2415395,0,NA,none
2415391,0,NA,none
2404180,0,NA,none
2403025,0,NA,none
2403035,0,NA,none
2400654,0,NA,none
2400638,0,NA,none
2400636,0,NA,none
2396842,0,NA,none
2396844,0,NA,none
2396851,0,NA,none
2396847,0,NA,none
2396865,0,NA,none
2418315,0,NA,none
2418311,0,NA,none
9089597,0,NA,none
2388989,0,NA,none
2389021,0,NA,none
2405853,0,NA,none
2405892,0,NA,none
2419297,0,NA,none
2372240,0,NA,none
2333793,0,NA,none
2333814,0,NA,none
2333818,0,NA,none
2334327,0,NA,none
2333807,0,NA,none
2357046,0,NA,none
2357026,0,NA,none
2357037,0,NA,none
2357064,0,NA,none
2357036,0,NA,none
2395582,0,NA,none
5214224,0,NA,none
5214220,0,NA,none
5214222,0,NA,none
5214207,0,NA,none
2410650,0,NA,none
11140719,0,NA,none
5209109,0,NA,none
5209095,0,NA,none
5209129,0,NA,none
6168697,0,NA,none
9815142,0,NA,none
8903213,0,NA,none
2397477,0,NA,none
2336122,0,NA,none
2404991,0,NA,none
2392129,0,NA,none
2388799,0,NA,none
2385841,0,NA,none
2379972,0,NA,none
2380036,0,NA,none
2380008,0,NA,none
2345439,0,NA,none
2345464,0,NA,none
10308309,0,NA,none
10464258,0,NA,none
2345752,0,NA,none
2345706,0,NA,none
9312384,0,NA,none
2415350,0,NA,none
2397763,0,NA,none
7375940,0,NA,none
2379089,0,NA,none
2398557,0,NA,none
2376810,0,NA,none
2416962,0,NA,none
2416867,0,NA,none
2416937,0,NA,none
2416972,0,NA,none
2416978,0,NA,none
2400159,0,NA,none
2371149,0,NA,none
2387966,0,NA,none
2405542,0,NA,none
10696832,0,NA,none
2406104,0,NA,none
2362185,0,NA,none
2383122,0,NA,none
2377315,0,NA,none
2401096,0,NA,none
2400924,0,NA,none
2390622,0,NA,none
2396141,0,NA,none
2396130,0,NA,none
5204009,0,NA,none
5711980,0,NA,none
5204032,0,NA,none
5204037,0,NA,none
5961610,0,NA,none
5711979,0,NA,none
5204039,0,NA,none
2414799,0,NA,none
2414820,0,NA,none
2414800,0,NA,none
2414803,0,NA,none
2414823,0,NA,none
2414797,0,NA,none
2335747,0,NA,none
5213161,0,NA,none
5213202,0,NA,none
5213186,0,NA,none
5213175,0,NA,none
5203053,0,NA,none
2336521,0,NA,none
5961047,0,NA,none
2391844,0,NA,none
2391809,0,NA,none
2391841,0,NA,none
2391767,0,NA,none
2392242,0,NA,none
2346920,0,NA,none
2350911,0,NA,none
2350910,0,NA,none
2417547,0,NA,none
2372367,0,NA,none
2372425,0,NA,none
4285694,0,NA,none
2372301,0,NA,none
2389220,0,NA,none
2389218,0,NA,none
5204768,0,NA,none
5204763,0,NA,none
8157573,0,NA,none
7193053,0,NA,none
7193012,0,NA,none
7193025,0,NA,none
7193034,0,NA,none
2397071,0,NA,none
5213785,0,NA,none
5213783,0,NA,none
7802703,0,NA,none
2379485,0,NA,none
2384353,0,NA,none
5961090,0,NA,none
2378005,0,NA,none
2377984,0,NA,none
2377994,0,NA,none
2378007,0,NA,none
5210913,0,NA,none
2377703,0,NA,none
2340714,0,NA,none
5202457,0,NA,none
8413659,0,NA,none
2395741,0,NA,none
2395792,0,NA,none
2395789,0,NA,none
2384708,0,NA,none
2384698,0,NA,none
2384715,0,NA,none
2392044,0,NA,none
2383908,0,NA,none
8403502,0,NA,none
11930333,0,NA,none
2336352,0,NA,none
2336388,0,NA,none
4286437,0,NA,none
2336375,0,NA,none
2336334,0,NA,none
2336296,0,NA,none
5961823,0,NA,none
5209998,0,NA,none
9516231,0,NA,none
9370517,0,NA,none
2351709,0,NA,none
2401305,0,NA,none
2385781,0,NA,none
2396695,0,NA,none
2396744,0,NA,none
2396675,0,NA,none
2396631,0,NA,none
2396693,0,NA,none
2396639,0,NA,none
2374375,0,NA,none
2374398,0,NA,none
5208739,0,NA,none
5208737,0,NA,none
2397707,0,NA,none
2397715,0,NA,none
2397711,0,NA,none
2335003,0,NA,none
2334985,0,NA,none
8231672,0,NA,none
2406822,0,NA,none
2334510,0,NA,none
2411592,0,NA,none
2356670,0,NA,none
2347092,0,NA,none
2346955,0,NA,none
2361328,0,NA,none
5207393,0,NA,none
4409653,0,NA,none
3241387,0,NA,none
2375258,0,NA,none
5214919,0,NA,none
2417240,0,NA,none
2417217,0,NA,none
2417232,0,NA,none
2417227,0,NA,none
2417237,0,NA,none
2372620,0,NA,none
2395978,0,NA,none
9377860,0,NA,none
2394310,0,NA,none
2382750,0,NA,none
2382645,0,NA,none
9713196,0,NA,none
2382722,0,NA,none
2388026,0,NA,none
2387989,0,NA,none
2388039,0,NA,none
2388003,0,NA,none
2388007,0,NA,none
2388028,0,NA,none
2387999,0,NA,none
12101261,0,NA,none
12053807,0,NA,none
2398959,0,NA,none
11947697,0,NA,none
2398967,0,NA,none
5210131,0,NA,none
5210136,0,NA,none
5210326,0,NA,none
2400928,0,NA,none
2341920,0,NA,none
2341927,0,NA,none
2387837,0,NA,none
2393295,0,NA,none
2393328,0,NA,none
2347514,0,NA,none
2347531,0,NA,none
2347550,0,NA,none
2384423,0,NA,none
2410401,0,NA,none
2410398,0,NA,none
2410400,0,NA,none
2393410,0,NA,none
2393411,0,NA,none
2392497,0,NA,none
2398310,0,NA,none
2398391,0,NA,none
2398369,0,NA,none
2398361,0,NA,none
2398337,0,NA,none
2398286,0,NA,none
2398280,0,NA,none
9415059,0,NA,none
2398350,0,NA,none
8363545,0,NA,none
2398260,0,NA,none
2398335,0,NA,none
2398385,0,NA,none
2398340,0,NA,none
2398276,0,NA,none
2334710,0,NA,none
2392534,0,NA,none
2334219,0,NA,none
2334210,0,NA,none
2334207,0,NA,none
2410296,0,NA,none
2410304,0,NA,none
5962287,0,NA,none
2410319,0,NA,none
2395490,0,NA,none
2395482,0,NA,none
2378471,0,NA,none
2378484,0,NA,none
2378467,0,NA,none
2378491,0,NA,none
2378470,0,NA,none
2397027,0,NA,none
2385174,0,NA,none
2335923,0,NA,none
2368620,0,NA,none
2368626,0,NA,none
2371486,0,NA,none
2406339,0,NA,none
2406366,0,NA,none
2406355,0,NA,none
2406343,0,NA,none
2336435,0,NA,none
2336440,0,NA,none
2336437,0,NA,none
2381868,0,NA,none
2398097,0,NA,none
2398101,0,NA,none
5211526,0,NA,none
2387591,0,NA,none
2387647,0,NA,none
2387661,0,NA,none
2387682,0,NA,none
2387605,0,NA,none
2404391,0,NA,none
2410963,0,NA,none
2410962,0,NA,none
2386832,0,NA,none
2383699,0,NA,none
2381708,0,NA,none
2384316,0,NA,none
2384324,0,NA,none
8453844,0,NA,none
8541561,0,NA,none
2383766,0,NA,none
2383758,0,NA,none
2383777,0,NA,none
9627685,0,NA,none
5209560,0,NA,none
2394671,0,NA,none
2394669,0,NA,none
2394657,0,NA,none
2378164,0,NA,none
2334900,0,NA,none
2334918,0,NA,none
2334917,0,NA,none
2383593,0,NA,none
2383583,0,NA,none
2385816,0,NA,none
2385815,0,NA,none
2385809,0,NA,none
7999714,0,NA,none
2374749,0,NA,none
2334436,0,NA,none
2362279,0,NA,none
2366480,0,NA,none
2369583,0,NA,none
2414719,0,NA,none
11999765,0,NA,none
11983662,0,NA,none
12156616,0,NA,none
11447237,0,NA,none
11933264,0,NA,none
2389097,0,NA,none
10733915,0,NA,none
2345623,0,NA,none
2335742,0,NA,none
2375286,0,NA,none
2386802,0,NA,none
2397845,0,NA,none
2397642,0,NA,none
2392343,0,NA,none
2407230,0,NA,none
2336097,0,NA,none
5215777,0,NA,none
5215785,0,NA,none
5215783,0,NA,none
2420085,0,NA,none
2415197,0,NA,none
2403429,0,NA,none
12317796,0,NA,none
5851441,0,NA,none
2374574,0,NA,none
2410703,0,NA,none
2405425,0,NA,none
2359699,0,NA,none
2359686,0,NA,none
2387534,0,NA,none
2351648,0,NA,none
4352748,0,NA,none
2351634,0,NA,none
2351641,0,NA,none
2351566,0,NA,none
2351621,0,NA,none
2351630,0,NA,none
2351620,0,NA,none
2351548,0,NA,none
9761275,0,NA,none
4284019,0,NA,none
5712278,0,NA,none
5208593,0,NA,none
2412794,0,NA,none
2412881,0,NA,none
2412826,0,NA,none
2412833,0,NA,none
2412589,0,NA,none
2412588,0,NA,none
2356819,0,NA,none
2356771,0,NA,none
2356851,0,NA,none
2356799,0,NA,none
2402999,0,NA,none
11543320,0,NA,none
2401153,0,NA,none
2401146,0,NA,none
2362659,0,NA,none
2393609,0,NA,none
9811485,0,NA,none
2393623,0,NA,none
2393726,0,NA,none
2393632,0,NA,none
2393738,0,NA,none
2393735,0,NA,none
2393716,0,NA,none
2393654,0,NA,none
2393728,0,NA,none
2393562,0,NA,none
2393725,0,NA,none
2393737,0,NA,none
2393542,0,NA,none
2393648,0,NA,none
2393773,0,NA,none
2393734,0,NA,none
2393681,0,NA,none
2393563,0,NA,none
2393733,0,NA,none
2393721,0,NA,none
2398051,0,NA,none
2398059,0,NA,none
2405339,0,NA,none
7949837,0,NA,none
2405019,0,NA,none
7984212,0,NA,none
2374149,0,NA,none
2374270,0,NA,none
2374282,0,NA,none
2374290,0,NA,none
2374269,0,NA,none
2374300,0,NA,none
2374271,0,NA,none
2380384,0,NA,none
2380389,0,NA,none
2380391,0,NA,none
2380383,0,NA,none
2401444,0,NA,none
2405562,0,NA,none
2410350,0,NA,none
2410342,0,NA,none
2401063,0,NA,none
2401054,0,NA,none
2409401,0,NA,none
2334613,0,NA,none
2334608,0,NA,none
2334663,0,NA,none
2334625,0,NA,none
2334560,0,NA,none
2334365,0,NA,none
2334402,0,NA,none
2334370,0,NA,none
2334755,0,NA,none
2334749,0,NA,none
2334778,0,NA,none
2334757,0,NA,none
5213109,0,NA,none
5213111,0,NA,none
2421194,0,NA,none
5214432,0,NA,none
5201252,0,NA,none
5201248,0,NA,none
2335374,0,NA,none
2335455,0,NA,none
4286373,0,NA,none
2335502,0,NA,none
2335443,0,NA,none
2335552,0,NA,none
2335572,0,NA,none
2335547,0,NA,none
2335409,0,NA,none
2335394,0,NA,none
2333687,0,NA,none
2335495,0,NA,none
2335453,0,NA,none
2335438,0,NA,none
2335419,0,NA,none
2335508,0,NA,none
2335492,0,NA,none
2335567,0,NA,none
2335525,0,NA,none
2335424,0,NA,none
2335323,0,NA,none
2335322,0,NA,none
2335324,0,NA,none
2390711,0,NA,none
5961712,0,NA,none
5961709,0,NA,none
5961724,0,NA,none
5961719,0,NA,none
2403664,0,NA,none
2403670,0,NA,none
2403677,0,NA,none
2390286,0,NA,none
2390262,0,NA,none
2390297,0,NA,none
2390260,0,NA,none
2390313,0,NA,none
2390251,0,NA,none
2390178,0,NA,none
2379211,0,NA,none
2419138,0,NA,none
7193726,0,NA,none
2409949,0,NA,none
2421162,0,NA,none
2421160,0,NA,none
2421155,0,NA,none
2396947,0,NA,none
2407870,0,NA,none
2407857,0,NA,none
2407829,0,NA,none
2394247,0,NA,none
2414846,0,NA,none
2414844,0,NA,none
2412981,0,NA,none
2363396,0,NA,none
2365685,0,NA,none
2365755,0,NA,none
2365677,0,NA,none
5216393,0,NA,none
5216352,0,NA,none
5216337,0,NA,none
2389565,0,NA,none
2389543,0,NA,none
2389546,0,NA,none
2389535,0,NA,none
2398775,0,NA,none
2403661,0,NA,none
2401633,0,NA,none
2411871,0,NA,none
2405766,0,NA,none
5213457,0,NA,none
5213455,0,NA,none
5213454,0,NA,none
5211260,0,NA,none
5211259,0,NA,none
2347559,0,NA,none
2383410,0,NA,none
2383444,0,NA,none
2383435,0,NA,none
2346852,0,NA,none
2346856,0,NA,none
2375456,0,NA,none
2375455,0,NA,none
2375461,0,NA,none
5208028,0,NA,none
5712291,0,NA,none
5208038,0,NA,none
5212765,0,NA,none
2407201,0,NA,none
2407205,0,NA,none
5210103,0,NA,none
11907277,0,NA,none
2406162,0,NA,none
2406157,0,NA,none
2409522,0,NA,none
2369302,0,NA,none
2369303,0,NA,none
2381532,0,NA,none
2386577,0,NA,none
5212645,0,NA,none
5212689,0,NA,none
5212673,0,NA,none
5212681,0,NA,none
5212691,0,NA,none
2405596,0,NA,none
7574594,0,NA,none
7794242,0,NA,none
7686917,0,NA,none
7193840,0,NA,none
2410810,0,NA,none
2410812,0,NA,none
2369556,0,NA,none
2405951,0,NA,none
2383615,0,NA,none
2413382,0,NA,none
2413389,0,NA,none
5209333,0,NA,none
2397951,0,NA,none
2397962,0,NA,none
2397959,0,NA,none
7428525,0,NA,none
2346338,0,NA,none
2384535,0,NA,none
2384533,0,NA,none
2384558,0,NA,none
2384482,0,NA,none
2384534,0,NA,none
2384556,0,NA,none
2384480,0,NA,none
2384552,0,NA,none
2406684,0,NA,none
7193798,0,NA,none
2406664,0,NA,none
2415132,0,NA,none
2415129,0,NA,none
2373969,0,NA,none
8819851,0,NA,none
7646160,0,NA,none
2370578,0,NA,none
2411489,0,NA,none
2388646,0,NA,none
2408346,0,NA,none
2408350,0,NA,none
5210681,0,NA,none
9819074,0,NA,none
5210680,0,NA,none
5210674,0,NA,none
5210651,0,NA,none
2400492,0,NA,none
5210478,0,NA,none
5210468,0,NA,none
5210482,0,NA,none
5210496,0,NA,none
5210490,0,NA,none
5210487,0,NA,none
5210473,0,NA,none
2370444,0,NA,none
2408077,0,NA,none
2389366,0,NA,none
2389414,0,NA,none
2421011,0,NA,none
2378632,0,NA,none
2378544,0,NA,none
2378604,0,NA,none
8644718,0,NA,none
2378576,0,NA,none
2419101,0,NA,none
4286156,0,NA,none
4286159,0,NA,none
2369250,0,NA,none
2414741,0,NA,none
2396807,0,NA,none
6168809,0,NA,none
2396797,0,NA,none
9637642,0,NA,none
2396791,0,NA,none
2396795,0,NA,none
2394368,0,NA,none
2394360,0,NA,none
2394361,0,NA,none
2394370,0,NA,none
12286073,0,NA,none
2394373,0,NA,none
2403259,0,NA,none
10673094,0,NA,none
2404143,0,NA,none
2404174,0,NA,none
2404138,0,NA,none
2404156,0,NA,none
2404175,0,NA,none
2404150,0,NA,none
2377361,0,NA,none
2377390,0,NA,none
2378743,0,NA,none
2378753,0,NA,none
7621258,0,NA,none
2376831,0,NA,none
2402913,0,NA,none
2402909,0,NA,none
2345628,0,NA,none
2416994,0,NA,none
2417015,0,NA,none
2417019,0,NA,none
11281758,0,NA,none
2346829,0,NA,none
5203152,0,NA,none
2407049,0,NA,none
2407044,0,NA,none
2407061,0,NA,none
5211224,0,NA,none
2405423,0,NA,none
2404448,0,NA,none
2378108,0,NA,none
2421178,0,NA,none
2379874,0,NA,none
2379869,0,NA,none
2379872,0,NA,none
2379882,0,NA,none
2409884,0,NA,none
2397564,0,NA,none
